序号,提交答卷时间,所用时间,来源,来源详情,来自IP,总分,1、 您的年级:,2、您是否有企业实习或实践项目经历?,3、您在实习/实践中是否产出过以下材料?（请根据实际产出选择，可多选，最多3项）,4、您是否了解2025年1月1日实施的《中华人民共和国学位法》关于“硕士专业学位研究生可以通过‘规定的实践成果’代替传统学位论文来申请学位”的政策？,5、 您是否清楚本校MIB对实践成果的具体要求和标准?,"6、 如果学院允许以 ""实践成果 ""替代传统学位论文 ,您最愿意选择以下哪种形式?(请选择最多3项并排序 ,1=最愿意，2=次选。3=第三选)",7、 您选择上述类型的主要原因是:(最多选3项),8、 您认为以下哪些实践成果不适合作为学位论文的替代形式?(多选，最多选3个),"9、您认为评价一份""高质量""实践成果,以下维度的重要性如何?(请在每项后打分,5=非常重要,1=不重要)—问题导向性:针对真实商业问题,问题界定清晰",9、数据支撑度:基于充分的一手或二手数据分析,9、理论应用性:恰当运用国际商务相关理论,9、创新性:在分析视角或解决方案上有创新,9、实践价值:对企业决策或行业发展有参考价值,9、工作量:体现足够的研究和实践工作投入,9、规范性:格式、逻辑、语言表达符合专业规范,"9、真实性:基于真实企业/项目,非虚构或纸上谈兵",9、可操作性:提出的方案具备实际可行性,9、团队协作能力:体现跨部门/跨文化协作能力,"10、如果您的实践成果由多方评价,您认为以下主体的评价各应占多少权重?(总和=100%)—校内学术导师",10、校外企业导师,10、学院专家评审组,10、企业客户/受益方,10、学生自评,11、您目前最担心的问题是:(最多选3项),"12、您希望学院在制定""实践成果分类标准""时,应重点考虑哪些因素?(最多选3项)",13、您希望学院提供哪些支持工具?(多选，最多选3个),14、您对本校MIB实践成果管理与评价体系的其他建议(您的宝贵建议将影响学院政策制定):,"15、为了确保问卷质量,请在本题选择""基本同意"":"
2,2026/2/13 9:50:33,136秒,微信,,61.171.197.129(上海-上海),39,研二,"有,且持续3个月以上",商业计划书/营销方案┋数据分析报告┋客户案例分析,有所了解,不太清楚,市场调研报告(针对特定市场/行业的系统调研)→国际商务案例分析(基于真实企业编写教学案例)→企业咨询报告(为企业提供市场分析、 战略建议等),"与我的实习/工作内容直接相关┋能真正解决实际问题,有成就感┋对未来就业有帮助",企业内部保密性过强无法公开的材料┋团队合作项目中个人贡献难以界定的成果,4,5,3,4,4,3,4,4,4,4,19,40,9,19,13,不知道什么类型的实践成果能被学院认可┋担心做了企业项目最后论文评审不通过┋不清楚实践成果的具体质量要求,与MIB不同专业方向(跨境电商、国际投资等)的匹配度┋与学生实习岗位和职业规划的相关性┋成果类型的多样性和灵活性,不同类型实践成果的撰写模板┋优秀实践成果案例库┋实践成果评价指标细则和评分表,(空),基本同意 ←请选择此项
3,2026/2/13 9:51:18,177秒,微信,,120.230.52.145(广东-佛山),45,研二,"有,且持续3个月以上",商业计划书/营销方案┋数据分析报告┋项目实施总结,完全不了解,非常清楚,市场调研报告(针对特定市场/行业的系统调研)→商业方案设计(跨境电商方案、国际市场进入方案等)→项目实施总结(完整参与项目并形成复盘报告),与我的实习/工作内容直接相关┋对未来就业有帮助,企业内部保密性过强无法公开的材料┋团队合作项目中个人贡献难以界定的成果,5,5,3,5,3,4,5,5,5,5,20,20,20,40,0,企业不愿意配合或提供真实数据┋担心实践成果比写论文更难/工作量更大┋不知道如何平衡学术性与实践性,与MIB不同专业方向(跨境电商、国际投资等)的匹配度┋与学生实习岗位和职业规划的相关性┋明确各类成果的最低字数/工作量要求,企业项目对接平台,(空),基本同意 ←请选择此项
6,2026/2/13 9:53:16,292秒,微信,,223.104.196.68(山东-济宁),46,研二,"有,且持续3个月以上",市场调研报告┋项目实施总结,听说过但不清楚具体内容,不太清楚,项目实施总结(完整参与项目并形成复盘报告)→国际商务案例分析(基于真实企业编写教学案例)→市场调研报告(针对特定市场/行业的系统调研),"与我的实习/工作内容直接相关┋能真正解决实际问题,有成就感┋对未来就业有帮助",纯粹的实习日志或工作总结,5,5,5,3,5,5,5,5,5,3,30,10,10,45,5,不知道什么类型的实践成果能被学院认可┋担心做了企业项目最后论文评审不通过,与学生实习岗位和职业规划的相关性┋各类成果的质量标准清晰可操作┋提供不同类型成果的模板和优秀范例,不同类型实践成果的撰写模板┋优秀实践成果案例库┋实践成果评价指标细则和评分表,(空),基本同意 ←请选择此项
7,2026/2/13 9:54:42,276秒,微信,,115.60.192.3(河南-郑州),25,研二,"有,且持续3个月以上",市场调研报告┋数据分析报告,听说过但不清楚具体内容,不太清楚,项目实施总结(完整参与项目并形成复盘报告)→产品/服务创新方案(新产品开发、服务模式设计等),"能真正解决实际问题,有成就感┋相对容易获得数据和企业支持┋更能展示我的实践能力",纯粹的实习日志或工作总结┋缺乏数据支撑的主观建议  简单的文献综述类报告,3,3,2,2,2,2,2,3,3,3,20,21,23,19,17,不知道什么类型的实践成果能被学院认可┋不清楚实践成果的具体质量要求,与学生实习岗位和职业规划的相关性┋成果类型的多样性和灵活性┋各类成果的质量标准清晰可操作,不同类型实践成果的撰写模板┋实践成果评价指标细则和评分表,(空),基本同意 ←请选择此项
8,2026/2/13 9:55:02,392秒,微信,,111.40.153.81(黑龙江-哈尔滨),35,研二,"有,且持续3个月以上",客户案例分析,有所了解,基本清楚,企业咨询报告(为企业提供市场分析、 战略建议等)→国际商务案例分析(基于真实企业编写教学案例)→市场调研报告(针对特定市场/行业的系统调研),"与我的实习/工作内容直接相关┋能真正解决实际问题,有成就感┋更能展示我的实践能力",纯粹的实习日志或工作总结┋企业内部保密性过强无法公开的材料┋团队合作项目中个人贡献难以界定的成果,4,3,3,3,4,4,3,4,4,3,30,20,20,25,5,不知道什么类型的实践成果能被学院认可┋担心做了企业项目最后论文评审不通过┋担心实践成果比写论文更难/工作量更大,与MIB不同专业方向(跨境电商、国际投资等)的匹配度┋与学生实习岗位和职业规划的相关性┋成果类型的多样性和灵活性,不同类型实践成果的撰写模板┋优秀实践成果案例库┋实践成果评价指标细则和评分表,(空),基本同意 ←请选择此项
9,2026/2/13 9:55:56,386秒,微信,,218.12.21.97(河北-石家庄),36,研二,"有,且持续3个月以上",商业计划书/营销方案┋客户案例分析,非常了解,完全不清楚,项目实施总结(完整参与项目并形成复盘报告)→国际商务案例分析(基于真实企业编写教学案例)→企业咨询报告(为企业提供市场分析、 战略建议等),"与我的实习/工作内容直接相关┋能真正解决实际问题,有成就感┋对未来就业有帮助",企业内部保密性过强无法公开的材料┋其他(请注明):〖企业数据不能公开〗,5,2,3,3,4,2,4,5,4,4,25,25,30,10,10,缺乏实践成果撰写的模板和范例┋企业不愿意配合或提供真实数据┋担心实践成果比写论文更难/工作量更大,与学生实习岗位和职业规划的相关性┋成果类型的多样性和灵活性┋提供不同类型成果的模板和优秀范例,不同类型实践成果的撰写模板┋优秀实践成果案例库┋企业项目对接平台,(空),基本同意 ←请选择此项
10,2026/2/13 9:56:41,193秒,微信,,115.171.254.147(北京-北京),43,研二,"有,且持续3个月以上",市场调研报告┋客户案例分析,非常了解,非常清楚,市场调研报告(针对特定市场/行业的系统调研)→项目实施总结(完整参与项目并形成复盘报告)→国际商务案例分析(基于真实企业编写教学案例),"与我的实习/工作内容直接相关┋能真正解决实际问题,有成就感┋对未来就业有帮助",纯粹的实习日志或工作总结┋缺乏数据支撑的主观建议  简单的文献综述类报告┋企业内部保密性过强无法公开的材料,4,5,3,4,4,5,3,5,5,5,30,10,10,10,40,不知道什么类型的实践成果能被学院认可┋不清楚实践成果的具体质量要求┋担心实践成果比写论文更难/工作量更大,与MIB不同专业方向(跨境电商、国际投资等)的匹配度┋成果类型的多样性和灵活性┋提供不同类型成果的模板和优秀范例,不同类型实践成果的撰写模板┋企业项目对接平台┋实践成果撰写工作坊/专题培训,(空),基本同意 ←请选择此项
11,2026/2/13 9:57:33,312秒,微信,,58.247.23.30(上海-上海),40,研二,"有,且持续3个月以上",商业计划书/营销方案┋数据分析报告,有所了解,非常清楚,项目实施总结(完整参与项目并形成复盘报告)→国际商务案例分析(基于真实企业编写教学案例)→市场调研报告(针对特定市场/行业的系统调研),"与我的实习/工作内容直接相关┋能真正解决实际问题,有成就感┋相对容易获得数据和企业支持",缺乏数据支撑的主观建议  简单的文献综述类报告┋团队合作项目中个人贡献难以界定的成果,4,4,4,3,3,4,5,5,4,4,27,30,21,11,11,担心做了企业项目最后论文评审不通过┋企业不愿意配合或提供真实数据┋担心实践成果比写论文更难/工作量更大,与MIB不同专业方向(跨境电商、国际投资等)的匹配度┋成果类型的多样性和灵活性┋明确各类成果的最低字数/工作量要求,不同类型实践成果的撰写模板┋实践成果评价指标细则和评分表┋企业项目对接平台,(空),基本同意 ←请选择此项
13,2026/2/13 10:00:20,226秒,微信,,36.59.219.3(安徽-马鞍山),37,研二,"有,且持续3个月以上",数据分析报告,听说过但不清楚具体内容,基本清楚,企业咨询报告(为企业提供市场分析、 战略建议等)→项目实施总结(完整参与项目并形成复盘报告)→市场调研报告(针对特定市场/行业的系统调研),"与我的实习/工作内容直接相关┋能真正解决实际问题,有成就感┋对未来就业有帮助",纯粹的实习日志或工作总结┋缺乏数据支撑的主观建议  简单的文献综述类报告┋团队合作项目中个人贡献难以界定的成果,4,4,4,3,3,3,4,5,4,3,20,19,19,19,23,不知道什么类型的实践成果能被学院认可┋担心做了企业项目最后论文评审不通过┋不清楚实践成果的具体质量要求,与MIB不同专业方向(跨境电商、国际投资等)的匹配度┋与学生实习岗位和职业规划的相关性┋成果类型的多样性和灵活性,不同类型实践成果的撰写模板┋优秀实践成果案例库┋实践成果评价指标细则和评分表,(空),基本同意 ←请选择此项
14,2026/2/13 10:00:40,216秒,微信,,171.113.15.171(湖北-武汉),46,研二,"有,但不足3个月",尚未产出任何材料,有所了解,基本清楚,企业咨询报告(为企业提供市场分析、 战略建议等)→商业方案设计(跨境电商方案、国际市场进入方案等)→产品/服务创新方案(新产品开发、服务模式设计等),相对容易获得数据和企业支持┋对未来就业有帮助,纯粹的实习日志或工作总结┋缺乏数据支撑的主观建议  简单的文献综述类报告┋企业内部保密性过强无法公开的材料,5,5,4,4,5,5,5,5,4,4,20,40,20,20,0,不知道什么类型的实践成果能被学院认可┋缺乏实践成果撰写的模板和范例┋担心实践成果比写论文更难/工作量更大,与MIB不同专业方向(跨境电商、国际投资等)的匹配度┋提供不同类型成果的模板和优秀范例┋明确各类成果的最低字数/工作量要求,不同类型实践成果的撰写模板┋优秀实践成果案例库┋企业项目对接平台,(空),基本同意 ←请选择此项
17,2026/2/13 10:11:07,307秒,微信,,1.197.246.142(河南-漯河),43,研二,"有,且持续3个月以上",项目实施总结,听说过但不清楚具体内容,不太清楚,市场调研报告(针对特定市场/行业的系统调研)→商业方案设计(跨境电商方案、国际市场进入方案等)→投资项目可行性研究报告（从风险到回报的全面分析决策）,与我的实习/工作内容直接相关┋相对容易获得数据和企业支持,纯粹的实习日志或工作总结┋缺乏数据支撑的主观建议  简单的文献综述类报告┋企业内部保密性过强无法公开的材料,4,5,4,4,4,5,4,4,5,4,15,25,35,20,5,担心做了企业项目最后论文评审不通过┋企业不愿意配合或提供真实数据,与MIB不同专业方向(跨境电商、国际投资等)的匹配度┋各类成果的质量标准清晰可操作┋明确各类成果的最低字数/工作量要求,不同类型实践成果的撰写模板┋优秀实践成果案例库,(空),基本同意 ←请选择此项
18,2026/2/13 10:29:29,547秒,微信,,171.246.9.202(国外-越南),39,研一,"有,但不足3个月",商业计划书/营销方案,完全不了解,不太清楚,企业咨询报告(为企业提供市场分析、 战略建议等)→市场调研报告(针对特定市场/行业的系统调研)→商业方案设计(跨境电商方案、国际市场进入方案等),与我的实习/工作内容直接相关┋工作量相对可控,纯粹的实习日志或工作总结┋缺乏数据支撑的主观建议  简单的文献综述类报告┋团队合作项目中个人贡献难以界定的成果,5,4,5,3,4,4,4,3,4,3,20,30,20,0,30,担心做了企业项目最后论文评审不通过┋缺乏实践成果撰写的模板和范例┋企业不愿意配合或提供真实数据,与MIB不同专业方向(跨境电商、国际投资等)的匹配度┋与学生实习岗位和职业规划的相关性┋提供不同类型成果的模板和优秀范例,不同类型实践成果的撰写模板┋实践成果评价指标细则和评分表┋导师指导手册,(空),基本同意 ←请选择此项
19,2026/2/13 10:49:40,136秒,微信,,223.81.176.108(山东-烟台),50,延期,"有,且持续3个月以上",市场调研报告,有所了解,不太清楚,国际商务案例分析(基于真实企业编写教学案例)→企业咨询报告(为企业提供市场分析、 战略建议等)→市场调研报告(针对特定市场/行业的系统调研),"与我的实习/工作内容直接相关┋能真正解决实际问题,有成就感┋相对容易获得数据和企业支持",纯粹的实习日志或工作总结┋缺乏数据支撑的主观建议  简单的文献综述类报告┋团队合作项目中个人贡献难以界定的成果,5,5,5,5,5,5,5,5,5,5,30,20,30,20,0,不知道什么类型的实践成果能被学院认可┋不清楚实践成果的具体质量要求┋企业不愿意配合或提供真实数据,与MIB不同专业方向(跨境电商、国际投资等)的匹配度┋与学生实习岗位和职业规划的相关性┋成果类型的多样性和灵活性,不同类型实践成果的撰写模板┋优秀实践成果案例库┋企业项目对接平台,(空),基本同意 ←请选择此项
20,2026/2/13 10:52:23,320秒,微信,,123.168.226.212(山东-潍坊),44,研二,"有,且持续3个月以上",尚未产出任何材料,完全不了解,基本清楚,市场调研报告(针对特定市场/行业的系统调研)→政策研究报告(针对国际贸易政策的应用研究)→项目实施总结(完整参与项目并形成复盘报告),"与我的实习/工作内容直接相关┋能真正解决实际问题,有成就感",纯粹的实习日志或工作总结┋缺乏数据支撑的主观建议  简单的文献综述类报告┋企业内部保密性过强无法公开的材料,5,4,4,3,4,5,5,5,5,4,30,10,10,40,10,不知道什么类型的实践成果能被学院认可┋不清楚实践成果的具体质量要求┋不知道如何平衡学术性与实践性,与学生实习岗位和职业规划的相关性┋成果类型的多样性和灵活性┋各类成果的质量标准清晰可操作,不同类型实践成果的撰写模板┋优秀实践成果案例库┋实践成果评价指标细则和评分表,(空),基本同意 ←请选择此项
21,2026/2/13 10:55:58,143秒,微信,,124.127.71.0(北京-北京),34,延期,"有,且持续3个月以上",数据分析报告┋项目实施总结,有所了解,非常清楚,企业咨询报告(为企业提供市场分析、 战略建议等)→投资项目可行性研究报告（从风险到回报的全面分析决策）→项目实施总结(完整参与项目并形成复盘报告),"与我的实习/工作内容直接相关┋能真正解决实际问题,有成就感┋相对容易获得数据和企业支持",纯粹的实习日志或工作总结┋缺乏数据支撑的主观建议  简单的文献综述类报告┋团队合作项目中个人贡献难以界定的成果,2,3,2,5,5,5,5,2,3,2,20,20,20,40,0,不知道什么类型的实践成果能被学院认可┋不清楚实践成果的具体质量要求┋缺乏实践成果撰写的模板和范例,与MIB不同专业方向(跨境电商、国际投资等)的匹配度┋与学生实习岗位和职业规划的相关性┋各类成果的质量标准清晰可操作,优秀实践成果案例库┋企业项目对接平台┋实践成果撰写工作坊/专题培训,(空),基本同意 ←请选择此项
22,2026/2/13 10:58:48,188秒,微信,,114.99.58.164(安徽-安庆),30,研二,"有,且持续3个月以上",项目实施总结,有所了解,基本清楚,项目实施总结(完整参与项目并形成复盘报告)→商业方案设计(跨境电商方案、国际市场进入方案等)→产品/服务创新方案(新产品开发、服务模式设计等),与我的实习/工作内容直接相关┋相对容易获得数据和企业支持┋更能展示我的实践能力,缺乏数据支撑的主观建议  简单的文献综述类报告┋企业内部保密性过强无法公开的材料,3,4,3,3,3,3,3,3,3,2,10,40,5,40,5,企业不愿意配合或提供真实数据┋担心实践成果比写论文更难/工作量更大┋不知道如何平衡学术性与实践性,成果类型的多样性和灵活性┋各类成果的质量标准清晰可操作,不同类型实践成果的撰写模板┋优秀实践成果案例库,(空),基本同意 ←请选择此项
23,2026/2/13 11:05:28,523秒,微信,,14.26.133.65(广东-广州),39,研二,"有,且持续3个月以上",市场调研报告┋商业计划书/营销方案┋数据分析报告,完全不了解,不太清楚,市场调研报告(针对特定市场/行业的系统调研)→企业咨询报告(为企业提供市场分析、 战略建议等)→数字化解决方案(基于数据分析的商业智能报告),"与我的实习/工作内容直接相关┋能真正解决实际问题,有成就感┋相对容易获得数据和企业支持",纯粹的实习日志或工作总结┋缺乏数据支撑的主观建议  简单的文献综述类报告┋企业内部保密性过强无法公开的材料,4,4,4,3,4,3,4,5,4,4,20,20,20,25,15,缺乏实践成果撰写的模板和范例┋企业不愿意配合或提供真实数据┋担心实践成果比写论文更难/工作量更大,各类成果的质量标准清晰可操作┋提供不同类型成果的模板和优秀范例┋明确各类成果的最低字数/工作量要求,不同类型实践成果的撰写模板┋优秀实践成果案例库┋导师指导手册,明确好相关内容，评分细则等，提供具体撰写的内容与方向，导师以及学院老师辅导员等可以提供一定的指导，有一定的指导指南以及内容撰写模板供学生参考。内容安排的时间节点，每个节点需要完成的任务量以及大致标准有明确规定并明确告知学生。,基本同意 ←请选择此项
24,2026/2/13 11:10:17,293秒,微信,,124.112.252.3(安徽-宣城),42,研二,"有,且持续3个月以上",市场调研报告┋数据分析报告┋客户案例分析,有所了解,基本清楚,产品/服务创新方案(新产品开发、服务模式设计等)→市场调研报告(针对特定市场/行业的系统调研)→项目实施总结(完整参与项目并形成复盘报告),与我的实习/工作内容直接相关┋相对容易获得数据和企业支持┋对未来就业有帮助,纯粹的实习日志或工作总结┋缺乏数据支撑的主观建议  简单的文献综述类报告┋企业内部保密性过强无法公开的材料,4,4,4,4,4,4,5,5,5,3,30,20,20,20,10,不知道什么类型的实践成果能被学院认可┋担心做了企业项目最后论文评审不通过┋缺乏实践成果撰写的模板和范例,与MIB不同专业方向(跨境电商、国际投资等)的匹配度┋各类成果的质量标准清晰可操作┋提供不同类型成果的模板和优秀范例,不同类型实践成果的撰写模板┋优秀实践成果案例库┋实践成果评价指标细则和评分表,(空),基本同意 ←请选择此项
26,2026/2/13 11:27:36,113秒,微信,,117.136.90.205(山西-太原),34,研一,"有,但不足3个月",市场调研报告┋商业计划书/营销方案,完全不了解,完全不清楚,国际商务案例分析(基于真实企业编写教学案例),"与我的实习/工作内容直接相关┋能真正解决实际问题,有成就感",企业内部保密性过强无法公开的材料┋团队合作项目中个人贡献难以界定的成果,3,3,4,3,3,3,4,3,4,4,29,27,11,27,6,不知道什么类型的实践成果能被学院认可┋担心实践成果比写论文更难/工作量更大┋不知道如何平衡学术性与实践性,与MIB不同专业方向(跨境电商、国际投资等)的匹配度┋成果类型的多样性和灵活性,优秀实践成果案例库┋企业项目对接平台┋实践成果撰写工作坊/专题培训,(空),基本同意 ←请选择此项
27,2026/2/13 11:27:52,129秒,微信,,101.90.63.73(上海-上海),43,研一,"有,但不足3个月",尚未产出任何材料,有所了解,基本清楚,企业咨询报告(为企业提供市场分析、 战略建议等)→国际商务案例分析(基于真实企业编写教学案例)→投资项目可行性研究报告（从风险到回报的全面分析决策）,"能真正解决实际问题,有成就感┋更能展示我的实践能力┋对未来就业有帮助",企业内部保密性过强无法公开的材料,5,4,4,3,4,4,5,5,4,5,50,30,10,10,0,担心做了企业项目最后论文评审不通过┋不清楚实践成果的具体质量要求┋缺乏实践成果撰写的模板和范例,与MIB不同专业方向(跨境电商、国际投资等)的匹配度┋与学生实习岗位和职业规划的相关性┋成果类型的多样性和灵活性,不同类型实践成果的撰写模板┋优秀实践成果案例库┋企业项目对接平台,无,基本同意 ←请选择此项
28,2026/2/13 11:27:53,162秒,微信,,39.144.0.203(山东-菏泽),39,研一,"有,但不足3个月",尚未产出任何材料,完全不了解,不太清楚,企业咨询报告(为企业提供市场分析、 战略建议等)→项目实施总结(完整参与项目并形成复盘报告)→政策研究报告(针对国际贸易政策的应用研究),与我的实习/工作内容直接相关┋相对容易获得数据和企业支持┋更能展示我的实践能力,纯粹的实习日志或工作总结┋企业内部保密性过强无法公开的材料┋团队合作项目中个人贡献难以界定的成果,4,5,2,3,5,4,3,4,5,4,15,7,14,53,11,不知道什么类型的实践成果能被学院认可┋担心做了企业项目最后论文评审不通过┋缺乏实践成果撰写的模板和范例,与MIB不同专业方向(跨境电商、国际投资等)的匹配度┋与学生实习岗位和职业规划的相关性┋成果类型的多样性和灵活性,不同类型实践成果的撰写模板┋实践成果评价指标细则和评分表┋实践成果撰写工作坊/专题培训,(空),基本同意 ←请选择此项
29,2026/2/13 11:27:58,139秒,微信,,223.96.198.253(山东-菏泽),44,研一,"有,且持续3个月以上",数据分析报告┋客户案例分析,听说过但不清楚具体内容,基本清楚,市场调研报告(针对特定市场/行业的系统调研)→国际商务案例分析(基于真实企业编写教学案例)→商业方案设计(跨境电商方案、国际市场进入方案等),"与我的实习/工作内容直接相关┋能真正解决实际问题,有成就感┋对未来就业有帮助",缺乏数据支撑的主观建议  简单的文献综述类报告┋企业内部保密性过强无法公开的材料┋团队合作项目中个人贡献难以界定的成果,5,3,3,5,5,5,3,5,5,5,9,41,4,22,24,不知道什么类型的实践成果能被学院认可┋不清楚实践成果的具体质量要求┋企业不愿意配合或提供真实数据,与MIB不同专业方向(跨境电商、国际投资等)的匹配度┋各类成果的质量标准清晰可操作┋提供不同类型成果的模板和优秀范例,优秀实践成果案例库┋企业项目对接平台┋实践成果撰写工作坊/专题培训,(空),基本同意 ←请选择此项
30,2026/2/13 11:28:07,127秒,微信,,42.84.234.110(辽宁-大连),50,研一,尚未开始实习,尚未产出任何材料,听说过但不清楚具体内容,基本清楚,国际商务案例分析(基于真实企业编写教学案例)→企业咨询报告(为企业提供市场分析、 战略建议等)→市场调研报告(针对特定市场/行业的系统调研),与我的实习/工作内容直接相关┋对未来就业有帮助,纯粹的实习日志或工作总结┋企业内部保密性过强无法公开的材料,5,5,5,5,5,5,5,5,5,5,49,11,14,9,17,不知道什么类型的实践成果能被学院认可┋担心做了企业项目最后论文评审不通过┋担心实践成果比写论文更难/工作量更大,与MIB不同专业方向(跨境电商、国际投资等)的匹配度┋成果类型的多样性和灵活性┋各类成果的质量标准清晰可操作,不同类型实践成果的撰写模板┋实践成果评价指标细则和评分表┋企业项目对接平台,无,基本同意 ←请选择此项
31,2026/2/13 11:28:19,129秒,微信,,60.163.51.18(浙江-嘉兴),50,研一,"有,且持续3个月以上",商业计划书/营销方案┋客户案例分析┋项目实施总结,非常了解,非常清楚,企业咨询报告(为企业提供市场分析、 战略建议等)→国际商务案例分析(基于真实企业编写教学案例)→市场调研报告(针对特定市场/行业的系统调研),"与我的实习/工作内容直接相关┋能真正解决实际问题,有成就感┋相对容易获得数据和企业支持",纯粹的实习日志或工作总结┋缺乏数据支撑的主观建议  简单的文献综述类报告┋企业内部保密性过强无法公开的材料,5,5,5,5,5,5,5,5,5,5,8,1,6,20,65,不知道什么类型的实践成果能被学院认可┋担心做了企业项目最后论文评审不通过┋不清楚实践成果的具体质量要求,与MIB不同专业方向(跨境电商、国际投资等)的匹配度┋与学生实习岗位和职业规划的相关性┋各类成果的质量标准清晰可操作,优秀实践成果案例库┋企业项目对接平台┋实践成果撰写工作坊/专题培训,(空),基本同意 ←请选择此项
32,2026/2/13 11:28:48,214秒,微信,,223.160.213.147(浙江-杭州),40,研一,"有,但不足3个月",尚未产出任何材料,有所了解,不太清楚,国际商务案例分析(基于真实企业编写教学案例)→产品/服务创新方案(新产品开发、服务模式设计等)→商业方案设计(跨境电商方案、国际市场进入方案等),"与我的实习/工作内容直接相关┋能真正解决实际问题,有成就感┋相对容易获得数据和企业支持",企业内部保密性过强无法公开的材料,5,4,3,3,4,4,4,5,3,5,25,25,15,30,5,不知道什么类型的实践成果能被学院认可┋担心做了企业项目最后论文评审不通过┋缺乏实践成果撰写的模板和范例,与MIB不同专业方向(跨境电商、国际投资等)的匹配度┋与学生实习岗位和职业规划的相关性┋各类成果的质量标准清晰可操作,不同类型实践成果的撰写模板┋优秀实践成果案例库┋实践成果撰写工作坊/专题培训,(空),基本同意 ←请选择此项
33,2026/2/13 11:28:58,191秒,微信,,42.88.185.26(甘肃-陇南),36,研一,"有,但不足3个月",尚未产出任何材料,完全不了解,基本清楚,商业方案设计(跨境电商方案、国际市场进入方案等)→国际商务案例分析(基于真实企业编写教学案例)→市场调研报告(针对特定市场/行业的系统调研),"与我的实习/工作内容直接相关┋能真正解决实际问题,有成就感┋相对容易获得数据和企业支持",缺乏数据支撑的主观建议  简单的文献综述类报告┋企业内部保密性过强无法公开的材料┋团队合作项目中个人贡献难以界定的成果,4,3,3,3,4,4,3,4,4,4,30,40,20,10,0,不知道什么类型的实践成果能被学院认可┋担心做了企业项目最后论文评审不通过┋缺乏实践成果撰写的模板和范例,与MIB不同专业方向(跨境电商、国际投资等)的匹配度┋成果类型的多样性和灵活性┋各类成果的质量标准清晰可操作,不同类型实践成果的撰写模板┋实践成果评价指标细则和评分表┋实践成果撰写工作坊/专题培训,(空),基本同意 ←请选择此项
34,2026/2/13 11:29:01,108秒,微信,,36.61.40.141(安徽-合肥),43,研一,"有,但不足3个月",市场调研报告┋商业计划书/营销方案┋数据分析报告,有所了解,不太清楚,国际商务案例分析(基于真实企业编写教学案例)→企业咨询报告(为企业提供市场分析、 战略建议等)→市场调研报告(针对特定市场/行业的系统调研),"与我的实习/工作内容直接相关┋能真正解决实际问题,有成就感┋相对容易获得数据和企业支持",纯粹的实习日志或工作总结┋缺乏数据支撑的主观建议  简单的文献综述类报告,4,4,3,5,5,4,4,4,5,5,25,21,26,24,4,担心做了企业项目最后论文评审不通过┋不清楚实践成果的具体质量要求,与MIB不同专业方向(跨境电商、国际投资等)的匹配度┋与学生实习岗位和职业规划的相关性┋成果类型的多样性和灵活性,不同类型实践成果的撰写模板┋优秀实践成果案例库┋实践成果评价指标细则和评分表,(空),基本同意 ←请选择此项
35,2026/2/13 11:29:09,111秒,微信,,183.161.129.222(安徽-蚌埠),50,研二,"有,且持续3个月以上",尚未产出任何材料,听说过但不清楚具体内容,基本清楚,企业咨询报告(为企业提供市场分析、 战略建议等)→国际商务案例分析(基于真实企业编写教学案例)→市场调研报告(针对特定市场/行业的系统调研),"与我的实习/工作内容直接相关┋能真正解决实际问题,有成就感┋相对容易获得数据和企业支持",纯粹的实习日志或工作总结┋缺乏数据支撑的主观建议  简单的文献综述类报告┋企业内部保密性过强无法公开的材料,5,5,5,5,5,5,5,5,5,5,40,10,10,20,20,不知道什么类型的实践成果能被学院认可┋担心做了企业项目最后论文评审不通过┋不清楚实践成果的具体质量要求,与MIB不同专业方向(跨境电商、国际投资等)的匹配度┋与学生实习岗位和职业规划的相关性┋成果类型的多样性和灵活性,不同类型实践成果的撰写模板┋优秀实践成果案例库┋实践成果评价指标细则和评分表,(空),基本同意 ←请选择此项
36,2026/2/13 11:29:16,214秒,微信,,36.6.61.99(安徽-黄山),46,研一,"有,但不足3个月",尚未产出任何材料,有所了解,完全不清楚,项目实施总结(完整参与项目并形成复盘报告)→政策研究报告(针对国际贸易政策的应用研究)→产品/服务创新方案(新产品开发、服务模式设计等),"能真正解决实际问题,有成就感┋更能展示我的实践能力┋对未来就业有帮助",纯粹的实习日志或工作总结┋缺乏数据支撑的主观建议  简单的文献综述类报告┋企业内部保密性过强无法公开的材料,5,5,4,4,4,4,5,5,5,5,15,30,15,30,10,不知道什么类型的实践成果能被学院认可┋担心做了企业项目最后论文评审不通过┋不知道如何平衡学术性与实践性,与MIB不同专业方向(跨境电商、国际投资等)的匹配度┋与学生实习岗位和职业规划的相关性┋成果类型的多样性和灵活性,不同类型实践成果的撰写模板┋优秀实践成果案例库┋企业项目对接平台,(空),基本同意 ←请选择此项
37,2026/2/13 11:29:32,238秒,微信,,114.106.191.104(安徽-池州),36,研一,"有,但不足3个月",尚未产出任何材料,完全不了解,不太清楚,项目实施总结(完整参与项目并形成复盘报告)→国际商务案例分析(基于真实企业编写教学案例),与我的实习/工作内容直接相关┋相对容易获得数据和企业支持┋工作量相对可控,企业内部保密性过强无法公开的材料,4,4,4,3,4,3,3,4,4,3,30,30,10,20,10,不知道什么类型的实践成果能被学院认可┋担心做了企业项目最后论文评审不通过┋担心实践成果比写论文更难/工作量更大,与MIB不同专业方向(跨境电商、国际投资等)的匹配度┋与学生实习岗位和职业规划的相关性┋提供不同类型成果的模板和优秀范例,不同类型实践成果的撰写模板┋优秀实践成果案例库┋企业项目对接平台,(空),基本同意 ←请选择此项
38,2026/2/13 11:29:33,231秒,微信,,116.162.235.97(湖南-衡阳),34,研一,尚未开始实习,尚未产出任何材料,完全不了解,完全不清楚,市场调研报告(针对特定市场/行业的系统调研)→政策研究报告(针对国际贸易政策的应用研究)→投资项目可行性研究报告（从风险到回报的全面分析决策）,相对容易获得数据和企业支持,缺乏数据支撑的主观建议  简单的文献综述类报告┋企业内部保密性过强无法公开的材料,4,5,1,3,4,3,4,5,4,1,25,25,25,25,0,不知道什么类型的实践成果能被学院认可┋担心做了企业项目最后论文评审不通过┋不清楚实践成果的具体质量要求,与MIB不同专业方向(跨境电商、国际投资等)的匹配度┋各类成果的质量标准清晰可操作┋提供不同类型成果的模板和优秀范例,不同类型实践成果的撰写模板┋优秀实践成果案例库┋实践成果评价指标细则和评分表,(空),基本同意 ←请选择此项
39,2026/2/13 11:29:40,265秒,微信,,111.1.206.69(浙江-温州),43,研一,"有,但不足3个月",尚未产出任何材料,听说过但不清楚具体内容,完全不清楚,项目实施总结(完整参与项目并形成复盘报告)→市场调研报告(针对特定市场/行业的系统调研)→数字化解决方案(基于数据分析的商业智能报告),"与我的实习/工作内容直接相关┋能真正解决实际问题,有成就感┋相对容易获得数据和企业支持",缺乏数据支撑的主观建议  简单的文献综述类报告┋企业内部保密性过强无法公开的材料┋团队合作项目中个人贡献难以界定的成果,4,4,5,4,4,5,3,4,5,5,15,20,25,25,15,担心做了企业项目最后论文评审不通过┋企业不愿意配合或提供真实数据┋不知道如何平衡学术性与实践性,与学生实习岗位和职业规划的相关性┋成果类型的多样性和灵活性┋明确各类成果的最低字数/工作量要求,不同类型实践成果的撰写模板┋实践成果评价指标细则和评分表┋企业项目对接平台,(空),基本同意 ←请选择此项
40,2026/2/13 11:29:51,282秒,微信,,39.144.40.100(上海-上海),43,研一,"有,但不足3个月",尚未产出任何材料,听说过但不清楚具体内容,不太清楚,国际商务案例分析(基于真实企业编写教学案例)→企业咨询报告(为企业提供市场分析、 战略建议等)→市场调研报告(针对特定市场/行业的系统调研),"能真正解决实际问题,有成就感┋相对容易获得数据和企业支持┋更能展示我的实践能力",企业内部保密性过强无法公开的材料,4,4,4,5,4,5,4,5,4,4,19,35,10,20,16,不知道什么类型的实践成果能被学院认可┋担心做了企业项目最后论文评审不通过┋不清楚实践成果的具体质量要求,与学生实习岗位和职业规划的相关性┋各类成果的质量标准清晰可操作┋提供不同类型成果的模板和优秀范例,不同类型实践成果的撰写模板┋优秀实践成果案例库┋实践成果评价指标细则和评分表,(空),基本同意 ←请选择此项
41,2026/2/13 11:30:07,280秒,微信,,60.176.206.41(浙江-杭州),43,研一,尚未开始实习,市场调研报告┋商业计划书/营销方案,听说过但不清楚具体内容,基本清楚,投资项目可行性研究报告（从风险到回报的全面分析决策）→国际商务案例分析(基于真实企业编写教学案例)→政策研究报告(针对国际贸易政策的应用研究),"与我的实习/工作内容直接相关┋能真正解决实际问题,有成就感┋相对容易获得数据和企业支持",纯粹的实习日志或工作总结┋缺乏数据支撑的主观建议  简单的文献综述类报告┋企业内部保密性过强无法公开的材料,5,5,4,4,5,3,4,5,5,3,40,10,20,10,20,不知道什么类型的实践成果能被学院认可┋缺乏实践成果撰写的模板和范例┋企业不愿意配合或提供真实数据,与MIB不同专业方向(跨境电商、国际投资等)的匹配度┋与学生实习岗位和职业规划的相关性┋成果类型的多样性和灵活性,优秀实践成果案例库┋企业项目对接平台┋实践成果撰写工作坊/专题培训,(空),基本同意 ←请选择此项
42,2026/2/13 11:30:22,291秒,微信,,180.121.79.107(江苏-南通),39,研一,尚未开始实习,尚未产出任何材料,听说过但不清楚具体内容,不太清楚,项目实施总结(完整参与项目并形成复盘报告)→数字化解决方案(基于数据分析的商业智能报告)→国际商务案例分析(基于真实企业编写教学案例),与我的实习/工作内容直接相关┋相对容易获得数据和企业支持┋更能展示我的实践能力,纯粹的实习日志或工作总结┋缺乏数据支撑的主观建议  简单的文献综述类报告┋团队合作项目中个人贡献难以界定的成果,5,5,4,3,3,4,5,4,3,3,50,20,15,5,10,不知道什么类型的实践成果能被学院认可┋担心做了企业项目最后论文评审不通过┋企业不愿意配合或提供真实数据,与学生实习岗位和职业规划的相关性┋成果类型的多样性和灵活性┋各类成果的质量标准清晰可操作,不同类型实践成果的撰写模板┋优秀实践成果案例库┋企业项目对接平台,无,基本同意 ←请选择此项
43,2026/2/13 11:30:38,283秒,微信,,171.107.42.128(广西-柳州),30,研一,"有,且持续3个月以上",数据分析报告┋客户案例分析,听说过但不清楚具体内容,不太清楚,项目实施总结(完整参与项目并形成复盘报告)→国际商务案例分析(基于真实企业编写教学案例),"与我的实习/工作内容直接相关┋能真正解决实际问题,有成就感┋更能展示我的实践能力",企业内部保密性过强无法公开的材料,3,3,3,3,3,3,3,3,3,3,41,19,0,0,40,不知道什么类型的实践成果能被学院认可┋担心做了企业项目最后论文评审不通过┋企业不愿意配合或提供真实数据,与学生实习岗位和职业规划的相关性┋明确各类成果的最低字数/工作量要求,不同类型实践成果的撰写模板┋优秀实践成果案例库┋企业项目对接平台,(空),基本同意 ←请选择此项
44,2026/2/13 11:30:39,287秒,微信,,223.104.153.117(江苏-常州),45,研一,"有,且持续3个月以上",其他(请注明):__〖产品宣传册〗,听说过但不清楚具体内容,不太清楚,国际商务案例分析(基于真实企业编写教学案例)→市场调研报告(针对特定市场/行业的系统调研)→政策研究报告(针对国际贸易政策的应用研究),"与我的实习/工作内容直接相关┋能真正解决实际问题,有成就感┋相对容易获得数据和企业支持",缺乏数据支撑的主观建议  简单的文献综述类报告┋企业内部保密性过强无法公开的材料┋团队合作项目中个人贡献难以界定的成果,4,4,4,3,5,5,5,5,5,5,25,15,20,20,20,不知道什么类型的实践成果能被学院认可┋担心做了企业项目最后论文评审不通过┋缺乏实践成果撰写的模板和范例,与学生实习岗位和职业规划的相关性┋成果类型的多样性和灵活性┋提供不同类型成果的模板和优秀范例,不同类型实践成果的撰写模板┋实践成果评价指标细则和评分表┋企业项目对接平台,(空),基本同意 ←请选择此项
45,2026/2/13 11:30:43,294秒,微信,,1.48.78.35(贵州-黔南),44,研一,"有,但不足3个月",尚未产出任何材料,听说过但不清楚具体内容,基本清楚,项目实施总结(完整参与项目并形成复盘报告)→市场调研报告(针对特定市场/行业的系统调研),"能真正解决实际问题,有成就感┋相对容易获得数据和企业支持",缺乏数据支撑的主观建议  简单的文献综述类报告┋企业内部保密性过强无法公开的材料,5,4,5,4,4,4,4,5,4,5,8,18,40,23,11,不知道什么类型的实践成果能被学院认可┋担心做了企业项目最后论文评审不通过┋不知道如何平衡学术性与实践性,与学生实习岗位和职业规划的相关性┋成果类型的多样性和灵活性┋各类成果的质量标准清晰可操作,不同类型实践成果的撰写模板┋优秀实践成果案例库┋企业项目对接平台,(空),基本同意 ←请选择此项
46,2026/2/13 11:31:05,353秒,微信,,60.223.160.251(山西-晋中),42,研一,尚未开始实习,市场调研报告,完全不了解,不太清楚,市场调研报告(针对特定市场/行业的系统调研)→国际商务案例分析(基于真实企业编写教学案例)→项目实施总结(完整参与项目并形成复盘报告),"与我的实习/工作内容直接相关┋能真正解决实际问题,有成就感┋相对容易获得数据和企业支持",纯粹的实习日志或工作总结┋缺乏数据支撑的主观建议  简单的文献综述类报告┋企业内部保密性过强无法公开的材料,5,4,5,2,4,4,5,5,4,4,20,20,20,20,20,不清楚实践成果的具体质量要求┋缺乏实践成果撰写的模板和范例┋不知道如何平衡学术性与实践性,与MIB不同专业方向(跨境电商、国际投资等)的匹配度┋与学生实习岗位和职业规划的相关性┋成果类型的多样性和灵活性,不同类型实践成果的撰写模板┋实践成果评价指标细则和评分表┋企业项目对接平台,无,基本同意 ←请选择此项
47,2026/2/13 11:31:16,311秒,微信,,112.21.251.68(江苏-盐城),50,研一,"有,但不足3个月",项目实施总结,非常了解,非常清楚,项目实施总结(完整参与项目并形成复盘报告)→政策研究报告(针对国际贸易政策的应用研究)→国际商务案例分析(基于真实企业编写教学案例),"能真正解决实际问题,有成就感┋对未来就业有帮助┋工作量相对可控",缺乏数据支撑的主观建议  简单的文献综述类报告┋企业内部保密性过强无法公开的材料┋团队合作项目中个人贡献难以界定的成果,5,5,5,5,5,5,5,5,5,5,22,23,20,20,15,不知道什么类型的实践成果能被学院认可┋不清楚实践成果的具体质量要求┋担心实践成果比写论文更难/工作量更大,成果类型的多样性和灵活性┋各类成果的质量标准清晰可操作┋提供不同类型成果的模板和优秀范例,不同类型实践成果的撰写模板┋优秀实践成果案例库┋实践成果评价指标细则和评分表,无,基本同意 ←请选择此项
48,2026/2/13 11:31:25,278秒,微信,,223.160.198.73(重庆-重庆),41,研二,"有,且持续3个月以上",尚未产出任何材料,有所了解,基本清楚,企业咨询报告(为企业提供市场分析、 战略建议等)→国际商务案例分析(基于真实企业编写教学案例)→市场调研报告(针对特定市场/行业的系统调研),"与我的实习/工作内容直接相关┋能真正解决实际问题,有成就感┋对未来就业有帮助",企业内部保密性过强无法公开的材料,4,4,4,3,4,4,5,5,4,4,20,20,20,30,10,不知道什么类型的实践成果能被学院认可┋担心做了企业项目最后论文评审不通过┋缺乏实践成果撰写的模板和范例,与MIB不同专业方向(跨境电商、国际投资等)的匹配度┋与学生实习岗位和职业规划的相关性┋成果类型的多样性和灵活性,优秀实践成果案例库┋实践成果评价指标细则和评分表┋企业项目对接平台,(空),基本同意 ←请选择此项
50,2026/2/13 11:33:22,245秒,微信,,112.96.208.35(广东-广州),47,研一,"有,但不足3个月",数据分析报告┋项目实施总结,完全不了解,不太清楚,项目实施总结(完整参与项目并形成复盘报告)→数字化解决方案(基于数据分析的商业智能报告)→投资项目可行性研究报告（从风险到回报的全面分析决策）,与我的实习/工作内容直接相关┋更能展示我的实践能力┋对未来就业有帮助,企业内部保密性过强无法公开的材料┋团队合作项目中个人贡献难以界定的成果,5,5,5,5,5,5,5,5,2,5,40,20,20,10,10,不知道什么类型的实践成果能被学院认可┋担心做了企业项目最后论文评审不通过┋企业不愿意配合或提供真实数据,与学生实习岗位和职业规划的相关性┋各类成果的质量标准清晰可操作┋提供不同类型成果的模板和优秀范例,不同类型实践成果的撰写模板┋实践成果评价指标细则和评分表┋企业项目对接平台,(空),基本同意 ←请选择此项
51,2026/2/13 11:34:29,517秒,微信,,1.83.73.167(陕西-西安),44,研一,"有,且持续3个月以上",尚未产出任何材料,听说过但不清楚具体内容,完全不清楚,政策研究报告(针对国际贸易政策的应用研究)→商业方案设计(跨境电商方案、国际市场进入方案等)→国际商务案例分析(基于真实企业编写教学案例),"能真正解决实际问题,有成就感",纯粹的实习日志或工作总结┋缺乏数据支撑的主观建议  简单的文献综述类报告┋企业内部保密性过强无法公开的材料,5,4,5,3,4,4,5,5,4,5,20,20,15,25,20,不知道什么类型的实践成果能被学院认可┋担心做了企业项目最后论文评审不通过┋担心实践成果比写论文更难/工作量更大,与MIB不同专业方向(跨境电商、国际投资等)的匹配度┋各类成果的质量标准清晰可操作┋提供不同类型成果的模板和优秀范例,优秀实践成果案例库┋实践成果评价指标细则和评分表┋企业项目对接平台,(空),基本同意 ←请选择此项
52,2026/2/13 11:34:41,239秒,微信,,39.144.161.26(安徽-六安),50,研一,尚未开始实习,尚未产出任何材料,完全不了解,基本清楚,商业方案设计(跨境电商方案、国际市场进入方案等)→国际商务案例分析(基于真实企业编写教学案例)→企业咨询报告(为企业提供市场分析、 战略建议等),"能真正解决实际问题,有成就感┋对未来就业有帮助",纯粹的实习日志或工作总结┋企业内部保密性过强无法公开的材料┋团队合作项目中个人贡献难以界定的成果,5,5,5,5,5,5,5,5,5,5,40,20,20,10,10,担心做了企业项目最后论文评审不通过┋不清楚实践成果的具体质量要求┋担心实践成果比写论文更难/工作量更大,与MIB不同专业方向(跨境电商、国际投资等)的匹配度┋与学生实习岗位和职业规划的相关性┋成果类型的多样性和灵活性,不同类型实践成果的撰写模板┋优秀实践成果案例库┋实践成果评价指标细则和评分表,(空),基本同意 ←请选择此项
53,2026/2/13 11:35:39,251秒,微信,,123.116.46.173(北京-北京),43,研一,尚未开始实习,尚未产出任何材料,有所了解,基本清楚,数字化解决方案(基于数据分析的商业智能报告)→商业方案设计(跨境电商方案、国际市场进入方案等)→市场调研报告(针对特定市场/行业的系统调研),"能真正解决实际问题,有成就感┋相对容易获得数据和企业支持┋对未来就业有帮助",纯粹的实习日志或工作总结,5,5,3,3,5,4,4,5,5,4,35,20,10,30,5,不知道什么类型的实践成果能被学院认可┋担心做了企业项目最后论文评审不通过┋不清楚实践成果的具体质量要求,与学生实习岗位和职业规划的相关性┋成果类型的多样性和灵活性,不同类型实践成果的撰写模板┋企业项目对接平台┋实践成果撰写工作坊/专题培训,(空),基本同意 ←请选择此项
54,2026/2/13 11:36:30,379秒,微信,,183.225.94.35(云南-玉溪),50,研一,"有,但不足3个月",商业计划书/营销方案┋项目实施总结,听说过但不清楚具体内容,不太清楚,投资项目可行性研究报告（从风险到回报的全面分析决策）→国际商务案例分析(基于真实企业编写教学案例)→政策研究报告(针对国际贸易政策的应用研究),与我的实习/工作内容直接相关┋相对容易获得数据和企业支持┋对未来就业有帮助,缺乏数据支撑的主观建议  简单的文献综述类报告┋企业内部保密性过强无法公开的材料┋团队合作项目中个人贡献难以界定的成果,5,5,5,5,5,5,5,5,5,5,35,25,20,10,10,担心做了企业项目最后论文评审不通过┋不清楚实践成果的具体质量要求┋企业不愿意配合或提供真实数据,与MIB不同专业方向(跨境电商、国际投资等)的匹配度┋与学生实习岗位和职业规划的相关性┋成果类型的多样性和灵活性,不同类型实践成果的撰写模板┋优秀实践成果案例库┋企业项目对接平台,(空),基本同意 ←请选择此项
55,2026/2/13 11:38:18,271秒,微信,,122.236.40.28(浙江-绍兴),44,研一,"有,但不足3个月",项目实施总结,完全不了解,不太清楚,政策研究报告(针对国际贸易政策的应用研究)→国际商务案例分析(基于真实企业编写教学案例)→投资项目可行性研究报告（从风险到回报的全面分析决策）,"与我的实习/工作内容直接相关┋能真正解决实际问题,有成就感┋更能展示我的实践能力",团队合作项目中个人贡献难以界定的成果,5,5,5,5,5,3,4,4,5,3,40,40,0,20,0,不知道什么类型的实践成果能被学院认可┋担心做了企业项目最后论文评审不通过┋不清楚实践成果的具体质量要求,与MIB不同专业方向(跨境电商、国际投资等)的匹配度┋成果类型的多样性和灵活性┋各类成果的质量标准清晰可操作,不同类型实践成果的撰写模板┋企业项目对接平台┋实践成果撰写工作坊/专题培训,无,基本同意 ←请选择此项
56,2026/2/13 11:40:43,924秒,微信,,101.82.162.107(上海-上海),50,研一,"有,但不足3个月",市场调研报告┋商业计划书/营销方案┋数据分析报告,完全不了解,不太清楚,企业咨询报告(为企业提供市场分析、 战略建议等)→国际商务案例分析(基于真实企业编写教学案例)→市场调研报告(针对特定市场/行业的系统调研),"与我的实习/工作内容直接相关┋能真正解决实际问题,有成就感┋对未来就业有帮助",缺乏数据支撑的主观建议  简单的文献综述类报告┋企业内部保密性过强无法公开的材料,5,5,5,5,5,5,5,5,5,5,21,20,22,20,17,不知道什么类型的实践成果能被学院认可┋担心做了企业项目最后论文评审不通过┋不清楚实践成果的具体质量要求,与MIB不同专业方向(跨境电商、国际投资等)的匹配度┋与学生实习岗位和职业规划的相关性┋各类成果的质量标准清晰可操作,不同类型实践成果的撰写模板┋优秀实践成果案例库┋实践成果评价指标细则和评分表,(空),基本同意 ←请选择此项
57,2026/2/13 11:40:44,518秒,微信,,223.104.105.76(河南-郑州),40,研一,尚未开始实习,市场调研报告,听说过但不清楚具体内容,不太清楚,国际商务案例分析(基于真实企业编写教学案例)→产品/服务创新方案(新产品开发、服务模式设计等),"能真正解决实际问题,有成就感┋更能展示我的实践能力┋对未来就业有帮助",企业内部保密性过强无法公开的材料,4,4,5,3,4,4,4,4,4,4,20,20,20,20,20,不知道什么类型的实践成果能被学院认可┋担心做了企业项目最后论文评审不通过,与MIB不同专业方向(跨境电商、国际投资等)的匹配度┋各类成果的质量标准清晰可操作,不同类型实践成果的撰写模板┋优秀实践成果案例库,无,基本同意 ←请选择此项
58,2026/2/13 11:41:58,493秒,微信,,36.161.154.172(安徽-铜陵),39,研一,"有,且持续3个月以上",尚未产出任何材料,完全不了解,不太清楚,商业方案设计(跨境电商方案、国际市场进入方案等)→企业咨询报告(为企业提供市场分析、 战略建议等)→国际商务案例分析(基于真实企业编写教学案例),与我的实习/工作内容直接相关┋更能展示我的实践能力┋对未来就业有帮助,纯粹的实习日志或工作总结┋缺乏数据支撑的主观建议  简单的文献综述类报告┋团队合作项目中个人贡献难以界定的成果,5,3,3,3,4,3,4,5,5,4,10,10,20,20,40,担心做了企业项目最后论文评审不通过┋缺乏实践成果撰写的模板和范例┋企业不愿意配合或提供真实数据,与学生实习岗位和职业规划的相关性┋各类成果的质量标准清晰可操作┋提供不同类型成果的模板和优秀范例,不同类型实践成果的撰写模板┋企业项目对接平台┋导师指导手册,(空),基本同意 ←请选择此项
59,2026/2/13 11:43:18,928秒,微信,,211.161.208.242(上海-上海),35,研一,"有,但不足3个月",尚未产出任何材料,完全不了解,完全不清楚,商业方案设计(跨境电商方案、国际市场进入方案等)→产品/服务创新方案(新产品开发、服务模式设计等)→项目实施总结(完整参与项目并形成复盘报告),与我的实习/工作内容直接相关┋相对容易获得数据和企业支持┋工作量相对可控,企业内部保密性过强无法公开的材料,4,3,3,3,4,4,3,4,3,4,20,20,20,30,10,不清楚实践成果的具体质量要求┋缺乏实践成果撰写的模板和范例┋企业不愿意配合或提供真实数据,与学生实习岗位和职业规划的相关性┋各类成果的质量标准清晰可操作┋提供不同类型成果的模板和优秀范例,不同类型实践成果的撰写模板┋实践成果评价指标细则和评分表┋企业项目对接平台,希望学校可以更多的介绍同学们进入企业内，完整的参与各类型工作项目，学习和积累实习经验，给予同学们更多的支持和帮助。,基本同意 ←请选择此项
60,2026/2/13 11:43:53,186秒,微信,,101.228.16.15(上海-上海),34,研一,"有,但不足3个月",尚未产出任何材料,听说过但不清楚具体内容,不太清楚,国际商务案例分析(基于真实企业编写教学案例)→项目实施总结(完整参与项目并形成复盘报告)→政策研究报告(针对国际贸易政策的应用研究),"能真正解决实际问题,有成就感┋相对容易获得数据和企业支持┋更能展示我的实践能力",纯粹的实习日志或工作总结┋缺乏数据支撑的主观建议  简单的文献综述类报告┋企业内部保密性过强无法公开的材料,4,4,4,2,3,4,4,5,2,2,40,15,15,15,15,不清楚实践成果的具体质量要求┋缺乏实践成果撰写的模板和范例┋担心实践成果比写论文更难/工作量更大,与学生实习岗位和职业规划的相关性┋成果类型的多样性和灵活性┋各类成果的质量标准清晰可操作,不同类型实践成果的撰写模板┋企业项目对接平台┋实践成果撰写工作坊/专题培训,(空),基本同意 ←请选择此项
61,2026/2/13 11:47:41,173秒,微信,,171.219.109.172(四川-成都),50,研二,"有,且持续3个月以上",尚未产出任何材料,听说过但不清楚具体内容,基本清楚,企业咨询报告(为企业提供市场分析、 战略建议等)→国际商务案例分析(基于真实企业编写教学案例)→市场调研报告(针对特定市场/行业的系统调研),"与我的实习/工作内容直接相关┋能真正解决实际问题,有成就感┋相对容易获得数据和企业支持",纯粹的实习日志或工作总结┋缺乏数据支撑的主观建议  简单的文献综述类报告┋企业内部保密性过强无法公开的材料,5,5,5,5,5,5,5,5,5,5,19,20,21,19,21,不知道什么类型的实践成果能被学院认可┋担心做了企业项目最后论文评审不通过┋不清楚实践成果的具体质量要求,与MIB不同专业方向(跨境电商、国际投资等)的匹配度┋与学生实习岗位和职业规划的相关性┋成果类型的多样性和灵活性,不同类型实践成果的撰写模板┋优秀实践成果案例库┋实践成果评价指标细则和评分表,(空),基本同意 ←请选择此项
62,2026/2/13 11:49:12,366秒,微信,,223.160.159.27(江苏-南京),24,研一,"有,但不足3个月",尚未产出任何材料,完全不了解,完全不清楚,商业方案设计(跨境电商方案、国际市场进入方案等)→产品/服务创新方案(新产品开发、服务模式设计等)→市场调研报告(针对特定市场/行业的系统调研),"与我的实习/工作内容直接相关┋能真正解决实际问题,有成就感┋对未来就业有帮助",企业内部保密性过强无法公开的材料,3,3,2,1,1,3,3,3,2,3,10,40,20,20,10,不知道什么类型的实践成果能被学院认可┋担心做了企业项目最后论文评审不通过┋企业不愿意配合或提供真实数据,与MIB不同专业方向(跨境电商、国际投资等)的匹配度┋与学生实习岗位和职业规划的相关性┋提供不同类型成果的模板和优秀范例,企业项目对接平台,(空),基本同意 ←请选择此项
63,2026/2/13 11:52:15,253秒,微信,,39.144.189.156(河南-洛阳),41,延期,"有,且持续3个月以上",市场调研报告┋数据分析报告,有所了解,不太清楚,投资项目可行性研究报告（从风险到回报的全面分析决策）→国际商务案例分析(基于真实企业编写教学案例)→数字化解决方案(基于数据分析的商业智能报告),"与我的实习/工作内容直接相关┋能真正解决实际问题,有成就感┋对未来就业有帮助",纯粹的实习日志或工作总结┋缺乏数据支撑的主观建议  简单的文献综述类报告┋企业内部保密性过强无法公开的材料,5,5,5,5,5,5,3,3,3,2,19,37,21,23,0,不知道什么类型的实践成果能被学院认可┋担心做了企业项目最后论文评审不通过┋不清楚实践成果的具体质量要求,与学生实习岗位和职业规划的相关性┋各类成果的质量标准清晰可操作┋提供不同类型成果的模板和优秀范例,不同类型实践成果的撰写模板┋企业项目对接平台┋实践成果撰写工作坊/专题培训,(空),基本同意 ←请选择此项
64,2026/2/13 11:52:34,426秒,微信,,120.208.156.109(山西-晋城),40,研一,"有,但不足3个月",尚未产出任何材料,完全不了解,完全不清楚,市场调研报告(针对特定市场/行业的系统调研)→政策研究报告(针对国际贸易政策的应用研究),与我的实习/工作内容直接相关┋对未来就业有帮助,企业内部保密性过强无法公开的材料┋团队合作项目中个人贡献难以界定的成果,4,4,4,4,4,4,5,4,4,3,20,20,0,30,30,担心做了企业项目最后论文评审不通过┋缺乏实践成果撰写的模板和范例┋企业不愿意配合或提供真实数据,成果类型的多样性和灵活性┋提供不同类型成果的模板和优秀范例,优秀实践成果案例库┋实践成果评价指标细则和评分表┋企业项目对接平台,多提供参与企业项目的机会,基本同意 ←请选择此项
65,2026/2/13 11:57:01,295秒,微信,,36.48.106.184(吉林-长春),44,研一,"有,但不足3个月",市场调研报告┋商业计划书/营销方案,听说过但不清楚具体内容,非常清楚,企业咨询报告(为企业提供市场分析、 战略建议等)→市场调研报告(针对特定市场/行业的系统调研)→商业方案设计(跨境电商方案、国际市场进入方案等),与我的实习/工作内容直接相关,纯粹的实习日志或工作总结┋企业内部保密性过强无法公开的材料,5,3,5,5,5,3,5,5,5,3,20,20,20,20,20,不清楚实践成果的具体质量要求┋缺乏实践成果撰写的模板和范例,与学生实习岗位和职业规划的相关性,不同类型实践成果的撰写模板┋实践成果评价指标细则和评分表┋企业项目对接平台,无,基本同意 ←请选择此项
66,2026/2/13 11:59:36,139秒,微信,,42.238.227.154(河南-焦作),37,研一,"有,且持续3个月以上",市场调研报告,听说过但不清楚具体内容,不太清楚,国际商务案例分析(基于真实企业编写教学案例)→市场调研报告(针对特定市场/行业的系统调研)→商业方案设计(跨境电商方案、国际市场进入方案等),与我的实习/工作内容直接相关┋对未来就业有帮助,缺乏数据支撑的主观建议  简单的文献综述类报告┋企业内部保密性过强无法公开的材料,5,3,2,2,5,3,5,4,3,5,9,26,6,45,14,不知道什么类型的实践成果能被学院认可┋担心实践成果比写论文更难/工作量更大┋不知道如何平衡学术性与实践性,与MIB不同专业方向(跨境电商、国际投资等)的匹配度┋与学生实习岗位和职业规划的相关性┋成果类型的多样性和灵活性,优秀实践成果案例库,(空),基本同意 ←请选择此项
67,2026/2/13 12:02:05,184秒,微信,,223.104.148.253(江苏-无锡),41,研二,"有,且持续3个月以上",市场调研报告┋商业计划书/营销方案,完全不了解,基本清楚,商业方案设计(跨境电商方案、国际市场进入方案等)→项目实施总结(完整参与项目并形成复盘报告)→企业咨询报告(为企业提供市场分析、 战略建议等),"与我的实习/工作内容直接相关┋能真正解决实际问题,有成就感",缺乏数据支撑的主观建议  简单的文献综述类报告┋企业内部保密性过强无法公开的材料,4,5,4,4,4,4,4,4,4,4,10,10,31,42,7,不知道什么类型的实践成果能被学院认可┋担心做了企业项目最后论文评审不通过,与MIB不同专业方向(跨境电商、国际投资等)的匹配度┋与学生实习岗位和职业规划的相关性┋各类成果的质量标准清晰可操作,优秀实践成果案例库┋实践成果评价指标细则和评分表┋导师指导手册,(空),基本同意 ←请选择此项
68,2026/2/13 12:04:48,1769秒,微信,,39.144.104.30(上海-上海),45,研一,尚未开始实习,尚未产出任何材料,有所了解,基本清楚,项目实施总结(完整参与项目并形成复盘报告)→市场调研报告(针对特定市场/行业的系统调研)→数字化解决方案(基于数据分析的商业智能报告),"与我的实习/工作内容直接相关┋能真正解决实际问题,有成就感┋对未来就业有帮助",纯粹的实习日志或工作总结┋缺乏数据支撑的主观建议  简单的文献综述类报告┋团队合作项目中个人贡献难以界定的成果,5,5,4,5,5,4,4,5,5,3,20,15,15,40,10,不知道什么类型的实践成果能被学院认可┋担心做了企业项目最后论文评审不通过┋企业不愿意配合或提供真实数据,与MIB不同专业方向(跨境电商、国际投资等)的匹配度┋与学生实习岗位和职业规划的相关性┋各类成果的质量标准清晰可操作,优秀实践成果案例库┋实践成果评价指标细则和评分表┋企业项目对接平台,希望能够在研一上学期就能够开设相关的培训课程，明确我们作为学生的具体要做什么、怎么做，同时给予明确的实施标准和质量标准。另一方面，企业导师制度具体的实施内容是否能提前介绍，能否提前实施。学校对企业实践没有一个特别明确的规定与当前就业市场的竞争激烈的交叉影响，导致很多学生选择逃课实习，前面的制度无法有效地实施，同时又对按学校规定学习的同学造成不公的影响，最终整个评价体系随之也陷入混乱。当前，广大MIB学生的最终实践成果和就业去向似乎与专业和研究方向有明显的脱节，虽然我们不应该要求学生的未来与专业强相关，但至少本专业的学生至少对专业应该有一定程度的深入，学校的宣传和培训方向至少不能偏离正常轨道。,基本同意 ←请选择此项
69,2026/2/13 12:05:59,711秒,微信,,117.189.200.75(贵州-安顺),44,研一,"有,但不足3个月",市场调研报告┋商业计划书/营销方案,有所了解,基本清楚,企业咨询报告(为企业提供市场分析、 战略建议等)→国际商务案例分析(基于真实企业编写教学案例)→市场调研报告(针对特定市场/行业的系统调研),"与我的实习/工作内容直接相关┋能真正解决实际问题,有成就感┋相对容易获得数据和企业支持",缺乏数据支撑的主观建议  简单的文献综述类报告┋企业内部保密性过强无法公开的材料,5,4,4,4,5,4,5,4,4,5,17,27,9,23,24,不知道什么类型的实践成果能被学院认可┋担心做了企业项目最后论文评审不通过┋不清楚实践成果的具体质量要求,与MIB不同专业方向(跨境电商、国际投资等)的匹配度┋与学生实习岗位和职业规划的相关性┋成果类型的多样性和灵活性,不同类型实践成果的撰写模板┋优秀实践成果案例库┋企业项目对接平台,(空),基本同意 ←请选择此项
70,2026/2/13 12:15:20,1448秒,微信,,58.246.155.220(上海-上海),40,研一,"有,且持续3个月以上",市场调研报告┋商业计划书/营销方案,完全不了解,不太清楚,产品/服务创新方案(新产品开发、服务模式设计等)→市场调研报告(针对特定市场/行业的系统调研)→国际商务案例分析(基于真实企业编写教学案例),"与我的实习/工作内容直接相关┋能真正解决实际问题,有成就感",企业内部保密性过强无法公开的材料,4,4,5,3,4,4,5,3,4,4,40,20,20,10,10,不知道什么类型的实践成果能被学院认可┋不清楚实践成果的具体质量要求┋缺乏实践成果撰写的模板和范例,与MIB不同专业方向(跨境电商、国际投资等)的匹配度┋提供不同类型成果的模板和优秀范例┋明确各类成果的最低字数/工作量要求,不同类型实践成果的撰写模板┋优秀实践成果案例库┋实践成果评价指标细则和评分表,(空),基本同意 ←请选择此项
71,2026/2/13 12:17:25,307秒,微信,,112.49.212.188(福建-福州),26,研一,"有,且持续3个月以上",尚未产出任何材料,完全不了解,不太清楚,项目实施总结(完整参与项目并形成复盘报告),"与我的实习/工作内容直接相关┋能真正解决实际问题,有成就感",企业内部保密性过强无法公开的材料,3,3,1,3,3,3,3,3,3,1,20,20,20,20,20,不知道什么类型的实践成果能被学院认可┋担心做了企业项目最后论文评审不通过┋不清楚实践成果的具体质量要求,与学生实习岗位和职业规划的相关性┋成果类型的多样性和灵活性,不同类型实践成果的撰写模板┋优秀实践成果案例库┋实践成果评价指标细则和评分表,无,基本同意 ←请选择此项
72,2026/2/13 12:18:28,2143秒,微信,,125.114.63.174(浙江-宁波),48,研一,"有,但不足3个月",尚未产出任何材料,完全不了解,不太清楚,企业咨询报告(为企业提供市场分析、 战略建议等)→政策研究报告(针对国际贸易政策的应用研究)→国际商务案例分析(基于真实企业编写教学案例),"与我的实习/工作内容直接相关┋能真正解决实际问题,有成就感┋相对容易获得数据和企业支持",纯粹的实习日志或工作总结┋缺乏数据支撑的主观建议  简单的文献综述类报告┋团队合作项目中个人贡献难以界定的成果,5,5,5,4,5,5,5,5,5,4,50,15,15,15,5,不知道什么类型的实践成果能被学院认可┋企业不愿意配合或提供真实数据┋不知道如何平衡学术性与实践性,与MIB不同专业方向(跨境电商、国际投资等)的匹配度┋与学生实习岗位和职业规划的相关性┋各类成果的质量标准清晰可操作,实践成果评价指标细则和评分表┋企业项目对接平台┋实践成果撰写工作坊/专题培训,希望将实践成果管理与评价体系与传统论文并行，既体现实践性，又体现研究生学术分析能力,基本同意 ←请选择此项
74,2026/2/13 12:20:15,142秒,微信,,101.87.224.111(上海-上海),40,研一,尚未开始实习,尚未产出任何材料,完全不了解,完全不清楚,商业方案设计(跨境电商方案、国际市场进入方案等)→国际商务案例分析(基于真实企业编写教学案例)→数字化解决方案(基于数据分析的商业智能报告),"能真正解决实际问题,有成就感┋相对容易获得数据和企业支持",纯粹的实习日志或工作总结┋企业内部保密性过强无法公开的材料,4,4,4,4,4,4,4,4,4,4,20,20,20,20,20,不知道什么类型的实践成果能被学院认可┋不清楚实践成果的具体质量要求,与MIB不同专业方向(跨境电商、国际投资等)的匹配度┋各类成果的质量标准清晰可操作┋提供不同类型成果的模板和优秀范例,优秀实践成果案例库┋企业项目对接平台┋导师指导手册,(空),基本同意 ←请选择此项
75,2026/2/13 12:22:52,93秒,微信,,117.162.205.137(江西-新余),29,研二,"有,且持续3个月以上",尚未产出任何材料,听说过但不清楚具体内容,完全不清楚,数字化解决方案(基于数据分析的商业智能报告),对未来就业有帮助,缺乏数据支撑的主观建议  简单的文献综述类报告┋企业内部保密性过强无法公开的材料,2,2,3,3,3,4,3,3,3,3,7,24,25,44,0,担心做了企业项目最后论文评审不通过┋缺乏实践成果撰写的模板和范例┋担心实践成果比写论文更难/工作量更大,成果类型的多样性和灵活性,实践成果评价指标细则和评分表,(空),基本同意 ←请选择此项
76,2026/2/13 12:25:43,230秒,微信,,114.86.24.194(上海-上海),36,研二,"有,且持续3个月以上",尚未产出任何材料,听说过但不清楚具体内容,不太清楚,国际商务案例分析(基于真实企业编写教学案例)→产品/服务创新方案(新产品开发、服务模式设计等)→投资项目可行性研究报告（从风险到回报的全面分析决策）,与我的实习/工作内容直接相关┋相对容易获得数据和企业支持┋对未来就业有帮助,纯粹的实习日志或工作总结┋企业内部保密性过强无法公开的材料,4,4,4,4,3,4,4,3,3,3,46,15,35,3,1,不知道什么类型的实践成果能被学院认可┋担心做了企业项目最后论文评审不通过┋不清楚实践成果的具体质量要求,与MIB不同专业方向(跨境电商、国际投资等)的匹配度┋与学生实习岗位和职业规划的相关性┋各类成果的质量标准清晰可操作,不同类型实践成果的撰写模板┋实践成果评价指标细则和评分表┋实践成果撰写工作坊/专题培训,(空),基本同意 ←请选择此项
77,2026/2/13 12:28:12,235秒,微信,,101.70.209.159(浙江-金华),36,研二,"有,且持续3个月以上",数据分析报告┋项目实施总结,有所了解,基本清楚,项目实施总结(完整参与项目并形成复盘报告)→国际商务案例分析(基于真实企业编写教学案例)→市场调研报告(针对特定市场/行业的系统调研),"与我的实习/工作内容直接相关┋能真正解决实际问题,有成就感┋相对容易获得数据和企业支持",企业内部保密性过强无法公开的材料┋团队合作项目中个人贡献难以界定的成果,4,4,4,2,3,5,5,4,3,2,30,5,20,20,25,不清楚实践成果的具体质量要求┋缺乏实践成果撰写的模板和范例┋企业不愿意配合或提供真实数据,成果类型的多样性和灵活性┋各类成果的质量标准清晰可操作┋提供不同类型成果的模板和优秀范例,优秀实践成果案例库┋实践成果评价指标细则和评分表┋企业项目对接平台,(空),基本同意 ←请选择此项
78,2026/2/13 12:30:52,386秒,微信,,39.144.168.149(江西-上饶),42,研一,"有,但不足3个月",尚未产出任何材料,听说过但不清楚具体内容,不太清楚,商业方案设计(跨境电商方案、国际市场进入方案等)→企业咨询报告(为企业提供市场分析、 战略建议等)→项目实施总结(完整参与项目并形成复盘报告),"能真正解决实际问题,有成就感┋相对容易获得数据和企业支持┋对未来就业有帮助",纯粹的实习日志或工作总结┋缺乏数据支撑的主观建议  简单的文献综述类报告┋企业内部保密性过强无法公开的材料,5,4,3,4,5,4,3,5,5,4,10,10,10,60,10,不清楚实践成果的具体质量要求┋企业不愿意配合或提供真实数据┋不知道如何平衡学术性与实践性,与学生实习岗位和职业规划的相关性┋成果类型的多样性和灵活性┋各类成果的质量标准清晰可操作,不同类型实践成果的撰写模板┋实践成果评价指标细则和评分表┋企业项目对接平台,(空),基本同意 ←请选择此项
80,2026/2/13 12:43:37,233秒,微信,,110.191.62.187(四川-成都),31,研一,尚未开始实习,尚未产出任何材料,有所了解,完全不清楚,投资项目可行性研究报告（从风险到回报的全面分析决策）→商业方案设计(跨境电商方案、国际市场进入方案等)→项目实施总结(完整参与项目并形成复盘报告),"能真正解决实际问题,有成就感",纯粹的实习日志或工作总结┋缺乏数据支撑的主观建议  简单的文献综述类报告┋企业内部保密性过强无法公开的材料,5,5,2,1,3,1,3,5,5,1,15,15,9,50,11,企业不愿意配合或提供真实数据┋不知道如何平衡学术性与实践性,与MIB不同专业方向(跨境电商、国际投资等)的匹配度┋成果类型的多样性和灵活性┋各类成果的质量标准清晰可操作,实践成果评价指标细则和评分表┋企业项目对接平台┋实践成果撰写工作坊/专题培训,(空),基本同意 ←请选择此项
81,2026/2/13 12:44:47,159秒,微信,,14.155.86.26(广东-深圳),50,研一,尚未开始实习,尚未产出任何材料,听说过但不清楚具体内容,不太清楚,国际商务案例分析(基于真实企业编写教学案例),与我的实习/工作内容直接相关┋相对容易获得数据和企业支持┋对未来就业有帮助,缺乏数据支撑的主观建议  简单的文献综述类报告,5,5,5,5,5,5,5,5,5,5,20,20,20,20,20,担心做了企业项目最后论文评审不通过┋不清楚实践成果的具体质量要求┋企业不愿意配合或提供真实数据,与MIB不同专业方向(跨境电商、国际投资等)的匹配度┋成果类型的多样性和灵活性┋各类成果的质量标准清晰可操作,优秀实践成果案例库┋企业项目对接平台┋实践成果撰写工作坊/专题培训,(空),基本同意 ←请选择此项
82,2026/2/13 12:50:51,235秒,微信,,124.88.74.36(新疆-乌鲁木齐),47,研二,"有,且持续3个月以上",数据分析报告┋项目实施总结,有所了解,基本清楚,投资项目可行性研究报告（从风险到回报的全面分析决策）→国际商务案例分析(基于真实企业编写教学案例)→企业咨询报告(为企业提供市场分析、 战略建议等),"与我的实习/工作内容直接相关┋能真正解决实际问题,有成就感┋相对容易获得数据和企业支持",企业内部保密性过强无法公开的材料┋团队合作项目中个人贡献难以界定的成果,5,3,4,5,5,5,5,5,5,5,0,30,0,60,10,不知道什么类型的实践成果能被学院认可┋担心做了企业项目最后论文评审不通过,与MIB不同专业方向(跨境电商、国际投资等)的匹配度┋与学生实习岗位和职业规划的相关性┋成果类型的多样性和灵活性,优秀实践成果案例库┋实践成果评价指标细则和评分表┋企业项目对接平台,(空),基本同意 ←请选择此项
83,2026/2/13 12:59:34,9710秒,微信,,49.83.68.162(江苏-盐城),44,研二,"有,且持续3个月以上",市场调研报告┋商业计划书/营销方案┋客户案例分析,有所了解,非常清楚,市场调研报告(针对特定市场/行业的系统调研)→投资项目可行性研究报告（从风险到回报的全面分析决策）→项目实施总结(完整参与项目并形成复盘报告),"与我的实习/工作内容直接相关┋能真正解决实际问题,有成就感┋更能展示我的实践能力",纯粹的实习日志或工作总结┋缺乏数据支撑的主观建议  简单的文献综述类报告┋团队合作项目中个人贡献难以界定的成果,4,4,4,4,5,4,5,5,5,4,40,21,10,20,9,不知道什么类型的实践成果能被学院认可┋不清楚实践成果的具体质量要求┋缺乏实践成果撰写的模板和范例,各类成果的质量标准清晰可操作┋提供不同类型成果的模板和优秀范例┋明确各类成果的最低字数/工作量要求,不同类型实践成果的撰写模板┋实践成果评价指标细则和评分表┋企业项目对接平台,(空),基本同意 ←请选择此项
84,2026/2/13 13:24:39,191秒,微信,,223.160.161.42(山东-济南),50,研一,"有,但不足3个月",商业计划书/营销方案,有所了解,基本清楚,企业咨询报告(为企业提供市场分析、 战略建议等)→市场调研报告(针对特定市场/行业的系统调研)→数字化解决方案(基于数据分析的商业智能报告),"与我的实习/工作内容直接相关┋能真正解决实际问题,有成就感┋更能展示我的实践能力",纯粹的实习日志或工作总结┋缺乏数据支撑的主观建议  简单的文献综述类报告,5,5,5,5,5,5,5,5,5,5,20,20,20,40,0,不知道什么类型的实践成果能被学院认可┋担心做了企业项目最后论文评审不通过,与MIB不同专业方向(跨境电商、国际投资等)的匹配度,优秀实践成果案例库┋实践成果评价指标细则和评分表┋企业项目对接平台,(空),基本同意 ←请选择此项
85,2026/2/13 13:26:49,183秒,微信,,183.219.24.191(江西-上饶),46,研二,"有,且持续3个月以上",市场调研报告┋数据分析报告,有所了解,非常清楚,国际商务案例分析(基于真实企业编写教学案例)→市场调研报告(针对特定市场/行业的系统调研)→政策研究报告(针对国际贸易政策的应用研究),"与我的实习/工作内容直接相关┋能真正解决实际问题,有成就感┋相对容易获得数据和企业支持",纯粹的实习日志或工作总结┋缺乏数据支撑的主观建议  简单的文献综述类报告┋企业内部保密性过强无法公开的材料,4,5,4,5,5,5,4,5,5,4,20,20,20,20,20,不清楚实践成果的具体质量要求┋缺乏实践成果撰写的模板和范例┋企业不愿意配合或提供真实数据,与MIB不同专业方向(跨境电商、国际投资等)的匹配度┋与学生实习岗位和职业规划的相关性┋提供不同类型成果的模板和优秀范例,不同类型实践成果的撰写模板┋优秀实践成果案例库┋实践成果评价指标细则和评分表,在学校 企业 学生之间建立有效沟通的桥梁,基本同意 ←请选择此项
86,2026/2/13 13:52:35,856秒,微信,,36.21.27.137(浙江-杭州),50,研一,"有,但不足3个月",尚未产出任何材料,有所了解,基本清楚,国际商务案例分析(基于真实企业编写教学案例)→产品/服务创新方案(新产品开发、服务模式设计等)→企业咨询报告(为企业提供市场分析、 战略建议等),与我的实习/工作内容直接相关┋对未来就业有帮助┋工作量相对可控,纯粹的实习日志或工作总结┋缺乏数据支撑的主观建议  简单的文献综述类报告,5,5,5,5,5,5,5,5,5,5,21,21,19,26,13,不知道什么类型的实践成果能被学院认可┋担心做了企业项目最后论文评审不通过┋不清楚实践成果的具体质量要求,与MIB不同专业方向(跨境电商、国际投资等)的匹配度┋与学生实习岗位和职业规划的相关性┋明确各类成果的最低字数/工作量要求,不同类型实践成果的撰写模板┋优秀实践成果案例库┋实践成果评价指标细则和评分表,(空),基本同意 ←请选择此项
87,2026/2/13 14:32:08,227秒,微信,,119.182.49.32(山东-济宁),41,研一,尚未开始实习,尚未产出任何材料,完全不了解,不太清楚,商业方案设计(跨境电商方案、国际市场进入方案等)→市场调研报告(针对特定市场/行业的系统调研)→国际商务案例分析(基于真实企业编写教学案例),"与我的实习/工作内容直接相关┋能真正解决实际问题,有成就感┋对未来就业有帮助",企业内部保密性过强无法公开的材料,4,3,5,3,4,5,5,3,4,5,18,24,20,20,18,担心做了企业项目最后论文评审不通过┋企业不愿意配合或提供真实数据┋担心实践成果比写论文更难/工作量更大,与MIB不同专业方向(跨境电商、国际投资等)的匹配度┋与学生实习岗位和职业规划的相关性┋提供不同类型成果的模板和优秀范例,不同类型实践成果的撰写模板┋优秀实践成果案例库┋企业项目对接平台,(空),基本同意 ←请选择此项
89,2026/2/13 17:32:39,353秒,微信,,114.103.44.169(安徽-池州),42,研一,"有,且持续3个月以上",尚未产出任何材料,有所了解,基本清楚,市场调研报告(针对特定市场/行业的系统调研)→国际商务案例分析(基于真实企业编写教学案例)→商业方案设计(跨境电商方案、国际市场进入方案等),与我的实习/工作内容直接相关┋相对容易获得数据和企业支持┋对未来就业有帮助,缺乏数据支撑的主观建议  简单的文献综述类报告┋企业内部保密性过强无法公开的材料,4,4,4,4,4,3,4,5,5,5,40,30,15,15,0,不知道什么类型的实践成果能被学院认可┋担心做了企业项目最后论文评审不通过┋不清楚实践成果的具体质量要求,与MIB不同专业方向(跨境电商、国际投资等)的匹配度┋与学生实习岗位和职业规划的相关性┋成果类型的多样性和灵活性,不同类型实践成果的撰写模板┋优秀实践成果案例库┋实践成果评价指标细则和评分表,无,基本同意 ←请选择此项
90,2026/2/13 18:55:41,228秒,微信,,223.104.210.57(上海-上海),40,研一,"有,但不足3个月",商业计划书/营销方案,有所了解,基本清楚,国际商务案例分析(基于真实企业编写教学案例)→企业咨询报告(为企业提供市场分析、 战略建议等)→市场调研报告(针对特定市场/行业的系统调研),"与我的实习/工作内容直接相关┋能真正解决实际问题,有成就感┋相对容易获得数据和企业支持",纯粹的实习日志或工作总结┋企业内部保密性过强无法公开的材料,4,4,4,4,4,4,4,4,4,4,15,15,15,15,40,不清楚实践成果的具体质量要求┋担心实践成果比写论文更难/工作量更大,与MIB不同专业方向(跨境电商、国际投资等)的匹配度┋与学生实习岗位和职业规划的相关性┋成果类型的多样性和灵活性,不同类型实践成果的撰写模板┋优秀实践成果案例库┋实践成果评价指标细则和评分表,无,基本同意 ←请选择此项
91,2026/2/13 19:01:23,65秒,微信,,36.159.195.190(安徽-滁州),50,研一,"有,且持续3个月以上",市场调研报告┋商业计划书/营销方案┋数据分析报告,有所了解,基本清楚,企业咨询报告(为企业提供市场分析、 战略建议等)→国际商务案例分析(基于真实企业编写教学案例)→市场调研报告(针对特定市场/行业的系统调研),"与我的实习/工作内容直接相关┋能真正解决实际问题,有成就感┋相对容易获得数据和企业支持",纯粹的实习日志或工作总结┋缺乏数据支撑的主观建议  简单的文献综述类报告┋企业内部保密性过强无法公开的材料,5,5,5,5,5,5,5,5,5,5,15,27,8,17,33,不知道什么类型的实践成果能被学院认可┋担心做了企业项目最后论文评审不通过┋不清楚实践成果的具体质量要求,与MIB不同专业方向(跨境电商、国际投资等)的匹配度┋与学生实习岗位和职业规划的相关性┋成果类型的多样性和灵活性,实践成果评价指标细则和评分表┋企业项目对接平台,(空),基本同意 ←请选择此项
92,2026/2/13 19:39:28,177秒,微信,,183.150.182.75(浙江-衢州),46,研一,尚未开始实习,尚未产出任何材料,听说过但不清楚具体内容,不太清楚,企业咨询报告(为企业提供市场分析、 战略建议等)→国际商务案例分析(基于真实企业编写教学案例)→商业方案设计(跨境电商方案、国际市场进入方案等),"能真正解决实际问题,有成就感┋相对容易获得数据和企业支持┋更能展示我的实践能力",纯粹的实习日志或工作总结┋缺乏数据支撑的主观建议  简单的文献综述类报告,5,5,5,4,5,5,3,5,5,4,20,10,50,20,0,不知道什么类型的实践成果能被学院认可┋担心做了企业项目最后论文评审不通过┋不清楚实践成果的具体质量要求,与MIB不同专业方向(跨境电商、国际投资等)的匹配度┋与学生实习岗位和职业规划的相关性┋提供不同类型成果的模板和优秀范例,不同类型实践成果的撰写模板┋优秀实践成果案例库┋企业项目对接平台,面向真实企业，面向实践，面向实战，理论与实践有机结合,基本同意 ←请选择此项
93,2026/2/13 19:40:53,145秒,微信,,1.46.132.118(国外-泰国),35,研一,"有,且持续3个月以上",尚未产出任何材料,完全不了解,不太清楚,国际商务案例分析(基于真实企业编写教学案例)→项目实施总结(完整参与项目并形成复盘报告)→产品/服务创新方案(新产品开发、服务模式设计等),"与我的实习/工作内容直接相关┋能真正解决实际问题,有成就感┋对未来就业有帮助",企业内部保密性过强无法公开的材料┋团队合作项目中个人贡献难以界定的成果,5,3,2,3,4,3,3,3,5,4,30,10,10,10,40,不知道什么类型的实践成果能被学院认可┋担心做了企业项目最后论文评审不通过┋不清楚实践成果的具体质量要求,与MIB不同专业方向(跨境电商、国际投资等)的匹配度┋与学生实习岗位和职业规划的相关性┋各类成果的质量标准清晰可操作,不同类型实践成果的撰写模板┋实践成果评价指标细则和评分表┋企业项目对接平台,(空),基本同意 ←请选择此项
94,2026/2/13 19:59:10,436秒,微信,,42.236.129.87(河南-郑州),30,研一,尚未开始实习,尚未产出任何材料,完全不了解,完全不清楚,商业方案设计(跨境电商方案、国际市场进入方案等)→企业咨询报告(为企业提供市场分析、 战略建议等)→市场调研报告(针对特定市场/行业的系统调研),"能真正解决实际问题,有成就感┋相对容易获得数据和企业支持┋对未来就业有帮助",企业内部保密性过强无法公开的材料,3,3,3,3,3,3,3,3,3,3,20,20,20,20,20,不知道什么类型的实践成果能被学院认可┋担心做了企业项目最后论文评审不通过┋缺乏实践成果撰写的模板和范例,与MIB不同专业方向(跨境电商、国际投资等)的匹配度┋各类成果的质量标准清晰可操作┋提供不同类型成果的模板和优秀范例,实践成果评价指标细则和评分表┋企业项目对接平台┋实践成果撰写工作坊/专题培训,希望尽快完善本校体系，使25届学生可以通过这一体系，用实践成果代替学位论文申请学位,基本同意 ←请选择此项
95,2026/2/13 20:05:43,218秒,微信,,60.163.49.120(浙江-嘉兴),43,研一,"有,但不足3个月",市场调研报告┋商业计划书/营销方案┋数据分析报告,听说过但不清楚具体内容,不太清楚,市场调研报告(针对特定市场/行业的系统调研)→数字化解决方案(基于数据分析的商业智能报告)→产品/服务创新方案(新产品开发、服务模式设计等),与我的实习/工作内容直接相关┋相对容易获得数据和企业支持,纯粹的实习日志或工作总结┋缺乏数据支撑的主观建议  简单的文献综述类报告┋团队合作项目中个人贡献难以界定的成果,5,5,5,4,3,3,5,5,4,4,40,25,10,10,15,不知道什么类型的实践成果能被学院认可┋担心做了企业项目最后论文评审不通过┋企业不愿意配合或提供真实数据,与MIB不同专业方向(跨境电商、国际投资等)的匹配度┋成果类型的多样性和灵活性┋提供不同类型成果的模板和优秀范例,不同类型实践成果的撰写模板┋优秀实践成果案例库┋企业项目对接平台,(空),基本同意 ←请选择此项
96,2026/2/13 20:08:06,141秒,微信,,223.160.199.139(重庆-重庆),36,研一,"有,但不足3个月",商业计划书/营销方案┋客户案例分析,有所了解,不太清楚,国际商务案例分析(基于真实企业编写教学案例)→商业方案设计(跨境电商方案、国际市场进入方案等)→政策研究报告(针对国际贸易政策的应用研究),与我的实习/工作内容直接相关┋更能展示我的实践能力┋对未来就业有帮助,企业内部保密性过强无法公开的材料┋团队合作项目中个人贡献难以界定的成果,4,4,4,3,4,3,4,4,3,3,30,25,10,10,25,不知道什么类型的实践成果能被学院认可┋不清楚实践成果的具体质量要求┋担心实践成果比写论文更难/工作量更大,各类成果的质量标准清晰可操作┋提供不同类型成果的模板和优秀范例┋明确各类成果的最低字数/工作量要求,不同类型实践成果的撰写模板┋实践成果评价指标细则和评分表┋实践成果撰写工作坊/专题培训,(空),基本同意 ←请选择此项
97,2026/2/13 20:24:58,286秒,微信,,113.127.90.210(山东-济南),45,研一,"有,但不足3个月",商业计划书/营销方案┋其他(请注明):__〖竞争对手分析ppt〗,完全不了解,不太清楚,国际商务案例分析(基于真实企业编写教学案例)→市场调研报告(针对特定市场/行业的系统调研)→商业方案设计(跨境电商方案、国际市场进入方案等),"与我的实习/工作内容直接相关┋能真正解决实际问题,有成就感┋更能展示我的实践能力",纯粹的实习日志或工作总结┋缺乏数据支撑的主观建议  简单的文献综述类报告┋团队合作项目中个人贡献难以界定的成果,5,5,4,5,5,4,4,4,5,4,16,25,18,21,20,担心做了企业项目最后论文评审不通过┋企业不愿意配合或提供真实数据┋担心实践成果比写论文更难/工作量更大,各类成果的质量标准清晰可操作┋提供不同类型成果的模板和优秀范例┋明确各类成果的最低字数/工作量要求,优秀实践成果案例库┋实践成果评价指标细则和评分表┋企业项目对接平台,(空),基本同意 ←请选择此项
98,2026/2/13 20:37:49,328秒,微信,,223.104.108.160(河南-开封),23,研一,"有,且持续3个月以上",项目实施总结,听说过但不清楚具体内容,不太清楚,国际商务案例分析(基于真实企业编写教学案例)→项目实施总结(完整参与项目并形成复盘报告)→商业方案设计(跨境电商方案、国际市场进入方案等),与我的实习/工作内容直接相关┋更能展示我的实践能力┋对未来就业有帮助,团队合作项目中个人贡献难以界定的成果,2,2,2,2,3,3,1,3,3,2,30,60,0,0,10,不知道什么类型的实践成果能被学院认可┋担心做了企业项目最后论文评审不通过┋缺乏实践成果撰写的模板和范例,与学生实习岗位和职业规划的相关性┋成果类型的多样性和灵活性┋明确各类成果的最低字数/工作量要求,不同类型实践成果的撰写模板┋优秀实践成果案例库┋实践成果评价指标细则和评分表,我认为企业导师的认可很重要，因为我们毕竟是未来要就业的，让老板满意最重要,基本同意 ←请选择此项
99,2026/2/18 19:35:53,1268秒,微信,,171.224.1.148(国外-越南),30,研二,"有,且持续3个月以上",商业计划书/营销方案,有所了解,基本清楚,国际商务案例分析(基于真实企业编写教学案例),与我的实习/工作内容直接相关,缺乏数据支撑的主观建议  简单的文献综述类报告,3,3,3,3,3,3,3,3,3,3,20,20,20,20,20,不知道什么类型的实践成果能被学院认可,与MIB不同专业方向(跨境电商、国际投资等)的匹配度,不同类型实践成果的撰写模板,(空),基本同意 ←请选择此项
100,2026/2/21 10:26:49,144秒,微信,,183.210.186.25(江苏-南通),35,研一,尚未开始实习,尚未产出任何材料,听说过但不清楚具体内容,不太清楚,国际商务案例分析(基于真实企业编写教学案例)→市场调研报告(针对特定市场/行业的系统调研)→商业方案设计(跨境电商方案、国际市场进入方案等),"与我的实习/工作内容直接相关┋能真正解决实际问题,有成就感┋对未来就业有帮助",纯粹的实习日志或工作总结┋缺乏数据支撑的主观建议  简单的文献综述类报告,4,3,2,4,4,5,3,4,4,2,15,25,10,25,25,不知道什么类型的实践成果能被学院认可┋担心做了企业项目最后论文评审不通过┋不清楚实践成果的具体质量要求,与MIB不同专业方向(跨境电商、国际投资等)的匹配度┋成果类型的多样性和灵活性┋提供不同类型成果的模板和优秀范例,不同类型实践成果的撰写模板┋实践成果评价指标细则和评分表┋企业项目对接平台,无,基本同意 ←请选择此项
101,2026/2/21 10:26:49,163秒,微信,,112.2.145.132(江苏-南通),50,研一,"有,但不足3个月",尚未产出任何材料,完全不了解,完全不清楚,企业咨询报告(为企业提供市场分析、 战略建议等)→市场调研报告(针对特定市场/行业的系统调研)→国际商务案例分析(基于真实企业编写教学案例),更能展示我的实践能力┋对未来就业有帮助┋工作量相对可控,缺乏数据支撑的主观建议  简单的文献综述类报告┋企业内部保密性过强无法公开的材料┋团队合作项目中个人贡献难以界定的成果,5,5,5,5,5,5,5,5,5,5,20,30,10,0,40,缺乏实践成果撰写的模板和范例┋担心实践成果比写论文更难/工作量更大┋不知道如何平衡学术性与实践性,与MIB不同专业方向(跨境电商、国际投资等)的匹配度┋与学生实习岗位和职业规划的相关性┋成果类型的多样性和灵活性,企业项目对接平台,(空),基本同意 ←请选择此项
102,2026/2/21 10:26:50,266秒,微信,,221.192.122.35(河北-唐山),41,研一,"有,但不足3个月",尚未产出任何材料,完全不了解,基本清楚,市场调研报告(针对特定市场/行业的系统调研)→项目实施总结(完整参与项目并形成复盘报告)→数字化解决方案(基于数据分析的商业智能报告),"与我的实习/工作内容直接相关┋能真正解决实际问题,有成就感┋相对容易获得数据和企业支持",纯粹的实习日志或工作总结┋缺乏数据支撑的主观建议  简单的文献综述类报告┋企业内部保密性过强无法公开的材料,5,5,3,4,5,3,5,3,4,4,20,20,5,20,35,不知道什么类型的实践成果能被学院认可┋担心做了企业项目最后论文评审不通过┋不清楚实践成果的具体质量要求,与MIB不同专业方向(跨境电商、国际投资等)的匹配度┋与学生实习岗位和职业规划的相关性┋各类成果的质量标准清晰可操作,不同类型实践成果的撰写模板┋实践成果评价指标细则和评分表┋导师指导手册,(空),基本同意 ←请选择此项
103,2026/2/21 10:26:59,152秒,微信,,171.81.209.161(湖北-仙桃),31,研一,"有,但不足3个月",尚未产出任何材料,听说过但不清楚具体内容,不太清楚,商业方案设计(跨境电商方案、国际市场进入方案等)→企业咨询报告(为企业提供市场分析、 战略建议等)→投资项目可行性研究报告（从风险到回报的全面分析决策）,"能真正解决实际问题,有成就感┋相对容易获得数据和企业支持┋更能展示我的实践能力",纯粹的实习日志或工作总结┋缺乏数据支撑的主观建议  简单的文献综述类报告┋企业内部保密性过强无法公开的材料,3,3,2,3,3,3,3,4,3,4,17,22,22,35,4,不知道什么类型的实践成果能被学院认可┋担心做了企业项目最后论文评审不通过┋不清楚实践成果的具体质量要求,与MIB不同专业方向(跨境电商、国际投资等)的匹配度┋提供不同类型成果的模板和优秀范例┋明确各类成果的最低字数/工作量要求,优秀实践成果案例库┋企业项目对接平台┋实践成果撰写工作坊/专题培训,无,基本同意 ←请选择此项
104,2026/2/21 10:27:02,146秒,微信,,175.150.81.89(辽宁-葫芦岛),32,研一,"有,但不足3个月",市场调研报告┋数据分析报告┋客户案例分析,听说过但不清楚具体内容,基本清楚,市场调研报告(针对特定市场/行业的系统调研)→商业方案设计(跨境电商方案、国际市场进入方案等)→数字化解决方案(基于数据分析的商业智能报告),"能真正解决实际问题,有成就感┋相对容易获得数据和企业支持┋对未来就业有帮助",纯粹的实习日志或工作总结┋企业内部保密性过强无法公开的材料┋团队合作项目中个人贡献难以界定的成果,3,3,4,2,2,3,4,3,4,4,41,22,20,13,4,企业不愿意配合或提供真实数据┋担心实践成果比写论文更难/工作量更大┋不知道如何平衡学术性与实践性,与学生实习岗位和职业规划的相关性┋成果类型的多样性和灵活性┋各类成果的质量标准清晰可操作,不同类型实践成果的撰写模板┋企业项目对接平台┋实践成果撰写工作坊/专题培训,无,基本同意 ←请选择此项
105,2026/2/21 10:27:22,174秒,微信,,111.55.79.69(江苏-南京),36,研一,"有,且持续3个月以上",尚未产出任何材料,完全不了解,基本清楚,企业咨询报告(为企业提供市场分析、 战略建议等)→市场调研报告(针对特定市场/行业的系统调研),"与我的实习/工作内容直接相关┋能真正解决实际问题,有成就感",纯粹的实习日志或工作总结┋缺乏数据支撑的主观建议  简单的文献综述类报告┋企业内部保密性过强无法公开的材料,5,5,3,3,3,3,3,4,4,3,29,19,20,12,20,不知道什么类型的实践成果能被学院认可┋企业不愿意配合或提供真实数据,与MIB不同专业方向(跨境电商、国际投资等)的匹配度┋与学生实习岗位和职业规划的相关性,企业项目对接平台,(空),基本同意 ←请选择此项
106,2026/2/21 10:27:32,90秒,微信,,223.160.234.198(广西-南宁),36,研一,"有,但不足3个月",市场调研报告┋商业计划书/营销方案┋客户案例分析,有所了解,不太清楚,企业咨询报告(为企业提供市场分析、 战略建议等)→商业方案设计(跨境电商方案、国际市场进入方案等)→政策研究报告(针对国际贸易政策的应用研究),与我的实习/工作内容直接相关┋更能展示我的实践能力┋工作量相对可控,缺乏数据支撑的主观建议  简单的文献综述类报告┋企业内部保密性过强无法公开的材料┋团队合作项目中个人贡献难以界定的成果,4,3,4,3,4,4,4,3,3,4,30,20,10,20,20,不知道什么类型的实践成果能被学院认可┋担心做了企业项目最后论文评审不通过,与MIB不同专业方向(跨境电商、国际投资等)的匹配度┋成果类型的多样性和灵活性,不同类型实践成果的撰写模板┋实践成果评价指标细则和评分表┋企业项目对接平台,(空),基本同意 ←请选择此项
107,2026/2/21 10:27:48,200秒,微信,,223.160.122.88(河南-郑州),42,研一,"有,但不足3个月",尚未产出任何材料,有所了解,基本清楚,项目实施总结(完整参与项目并形成复盘报告)→国际商务案例分析(基于真实企业编写教学案例)→市场调研报告(针对特定市场/行业的系统调研),"与我的实习/工作内容直接相关┋能真正解决实际问题,有成就感",纯粹的实习日志或工作总结┋缺乏数据支撑的主观建议  简单的文献综述类报告,4,4,4,5,5,4,4,4,5,3,30,20,25,20,5,不知道什么类型的实践成果能被学院认可┋担心做了企业项目最后论文评审不通过┋不知道如何平衡学术性与实践性,与MIB不同专业方向(跨境电商、国际投资等)的匹配度┋明确各类成果的最低字数/工作量要求,不同类型实践成果的撰写模板┋优秀实践成果案例库┋实践成果评价指标细则和评分表,(空),基本同意 ←请选择此项
108,2026/2/21 10:27:54,77秒,微信,,114.92.231.29(上海-上海),41,研一,"有,但不足3个月",尚未产出任何材料,听说过但不清楚具体内容,基本清楚,国际商务案例分析(基于真实企业编写教学案例),"与我的实习/工作内容直接相关┋能真正解决实际问题,有成就感┋相对容易获得数据和企业支持",纯粹的实习日志或工作总结,4,5,4,4,4,4,4,4,4,4,21,20,21,21,17,不知道什么类型的实践成果能被学院认可┋担心做了企业项目最后论文评审不通过┋不清楚实践成果的具体质量要求,与MIB不同专业方向(跨境电商、国际投资等)的匹配度┋与学生实习岗位和职业规划的相关性┋成果类型的多样性和灵活性,不同类型实践成果的撰写模板┋优秀实践成果案例库┋实践成果评价指标细则和评分表,(空),基本同意 ←请选择此项
109,2026/2/21 10:30:02,333秒,微信,,112.224.223.24(山东-济南),38,研一,"有,且持续3个月以上",尚未产出任何材料,完全不了解,不太清楚,市场调研报告(针对特定市场/行业的系统调研)→商业方案设计(跨境电商方案、国际市场进入方案等)→政策研究报告(针对国际贸易政策的应用研究),"与我的实习/工作内容直接相关┋能真正解决实际问题,有成就感┋相对容易获得数据和企业支持",缺乏数据支撑的主观建议  简单的文献综述类报告┋企业内部保密性过强无法公开的材料,5,4,3,3,4,5,5,4,3,2,30,20,20,20,10,不知道什么类型的实践成果能被学院认可┋企业不愿意配合或提供真实数据┋不知道如何平衡学术性与实践性,与MIB不同专业方向(跨境电商、国际投资等)的匹配度┋与学生实习岗位和职业规划的相关性┋各类成果的质量标准清晰可操作,不同类型实践成果的撰写模板┋优秀实践成果案例库┋企业项目对接平台,无,基本同意 ←请选择此项
110,2026/2/21 10:30:14,228秒,微信,,111.18.43.15(陕西-西安),36,研一,"有,但不足3个月",尚未产出任何材料,听说过但不清楚具体内容,基本清楚,企业咨询报告(为企业提供市场分析、 战略建议等)→国际商务案例分析(基于真实企业编写教学案例),与我的实习/工作内容直接相关┋对未来就业有帮助,纯粹的实习日志或工作总结┋缺乏数据支撑的主观建议  简单的文献综述类报告┋企业内部保密性过强无法公开的材料,4,4,4,4,3,3,5,3,3,3,60,10,10,10,10,不清楚实践成果的具体质量要求┋缺乏实践成果撰写的模板和范例┋企业不愿意配合或提供真实数据,与MIB不同专业方向(跨境电商、国际投资等)的匹配度┋与学生实习岗位和职业规划的相关性┋提供不同类型成果的模板和优秀范例,不同类型实践成果的撰写模板┋优秀实践成果案例库┋企业项目对接平台,(空),基本同意 ←请选择此项
111,2026/2/21 10:30:18,334秒,微信,,112.39.243.173(辽宁-葫芦岛),30,研一,"有,且持续3个月以上",商业计划书/营销方案,有所了解,不太清楚,国际商务案例分析(基于真实企业编写教学案例)→企业咨询报告(为企业提供市场分析、 战略建议等)→数字化解决方案(基于数据分析的商业智能报告),"与我的实习/工作内容直接相关┋能真正解决实际问题,有成就感┋对未来就业有帮助",缺乏数据支撑的主观建议  简单的文献综述类报告┋企业内部保密性过强无法公开的材料,3,3,3,3,3,3,3,3,3,3,24,23,26,22,5,不知道什么类型的实践成果能被学院认可┋企业不愿意配合或提供真实数据┋不知道如何平衡学术性与实践性,与MIB不同专业方向(跨境电商、国际投资等)的匹配度┋与学生实习岗位和职业规划的相关性┋成果类型的多样性和灵活性,不同类型实践成果的撰写模板┋优秀实践成果案例库┋实践成果评价指标细则和评分表,(空),基本同意 ←请选择此项
112,2026/2/21 10:30:40,140秒,微信,,123.173.217.222(吉林-长春),30,研一,尚未开始实习,尚未产出任何材料,完全不了解,不太清楚,产品/服务创新方案(新产品开发、服务模式设计等)→国际商务案例分析(基于真实企业编写教学案例)→项目实施总结(完整参与项目并形成复盘报告),"能真正解决实际问题,有成就感",纯粹的实习日志或工作总结┋企业内部保密性过强无法公开的材料,3,3,3,3,3,3,3,3,3,3,39,11,21,8,21,不知道什么类型的实践成果能被学院认可┋不清楚实践成果的具体质量要求┋缺乏实践成果撰写的模板和范例,各类成果的质量标准清晰可操作┋明确各类成果的最低字数/工作量要求,优秀实践成果案例库┋实践成果评价指标细则和评分表┋企业项目对接平台,(空),基本同意 ←请选择此项
113,2026/2/21 10:31:40,162秒,微信,,223.166.230.50(上海-上海),41,研一,"有,但不足3个月",数据分析报告,完全不了解,基本清楚,国际商务案例分析(基于真实企业编写教学案例)→市场调研报告(针对特定市场/行业的系统调研)→企业咨询报告(为企业提供市场分析、 战略建议等),"与我的实习/工作内容直接相关┋能真正解决实际问题,有成就感┋相对容易获得数据和企业支持",纯粹的实习日志或工作总结┋缺乏数据支撑的主观建议  简单的文献综述类报告┋企业内部保密性过强无法公开的材料,4,5,4,4,4,4,4,4,4,4,19,7,27,43,4,缺乏实践成果撰写的模板和范例┋担心实践成果比写论文更难/工作量更大┋不知道如何平衡学术性与实践性,与MIB不同专业方向(跨境电商、国际投资等)的匹配度┋与学生实习岗位和职业规划的相关性┋各类成果的质量标准清晰可操作,不同类型实践成果的撰写模板┋优秀实践成果案例库┋实践成果评价指标细则和评分表,(空),基本同意 ←请选择此项
114,2026/2/21 10:32:03,176秒,微信,,223.166.69.162(上海-上海),50,研一,尚未开始实习,尚未产出任何材料,听说过但不清楚具体内容,完全不清楚,企业咨询报告(为企业提供市场分析、 战略建议等)→市场调研报告(针对特定市场/行业的系统调研)→商业方案设计(跨境电商方案、国际市场进入方案等),与我的实习/工作内容直接相关┋工作量相对可控,纯粹的实习日志或工作总结,5,5,5,5,5,5,5,5,5,5,20,20,20,20,20,不知道什么类型的实践成果能被学院认可┋担心做了企业项目最后论文评审不通过┋企业不愿意配合或提供真实数据,与学生实习岗位和职业规划的相关性┋成果类型的多样性和灵活性┋各类成果的质量标准清晰可操作,不同类型实践成果的撰写模板┋实践成果评价指标细则和评分表┋导师指导手册,(空),基本同意 ←请选择此项
115,2026/2/21 10:33:26,261秒,微信,,39.144.36.213(安徽-蚌埠),41,研一,"有,但不足3个月",尚未产出任何材料,完全不了解,不太清楚,市场调研报告(针对特定市场/行业的系统调研)→国际商务案例分析(基于真实企业编写教学案例)→商业方案设计(跨境电商方案、国际市场进入方案等),"与我的实习/工作内容直接相关┋能真正解决实际问题,有成就感┋相对容易获得数据和企业支持",企业内部保密性过强无法公开的材料,4,4,4,5,4,5,4,4,4,3,30,20,30,10,10,不知道什么类型的实践成果能被学院认可┋担心做了企业项目最后论文评审不通过┋不清楚实践成果的具体质量要求,与MIB不同专业方向(跨境电商、国际投资等)的匹配度┋提供不同类型成果的模板和优秀范例┋明确各类成果的最低字数/工作量要求,实践成果评价指标细则和评分表┋企业项目对接平台┋实践成果撰写工作坊/专题培训,无,基本同意 ←请选择此项
116,2026/2/21 10:33:42,551秒,微信,,223.104.211.26(上海-上海),42,研一,"有,但不足3个月",尚未产出任何材料,听说过但不清楚具体内容,基本清楚,市场调研报告(针对特定市场/行业的系统调研)→商业方案设计(跨境电商方案、国际市场进入方案等)→政策研究报告(针对国际贸易政策的应用研究),与我的实习/工作内容直接相关┋对未来就业有帮助,企业内部保密性过强无法公开的材料┋团队合作项目中个人贡献难以界定的成果,4,5,4,3,3,4,5,4,5,5,45,20,15,15,5,不清楚实践成果的具体质量要求┋缺乏实践成果撰写的模板和范例┋企业不愿意配合或提供真实数据,各类成果的质量标准清晰可操作┋提供不同类型成果的模板和优秀范例┋明确各类成果的最低字数/工作量要求,不同类型实践成果的撰写模板┋优秀实践成果案例库┋实践成果撰写工作坊/专题培训,(空),基本同意 ←请选择此项
117,2026/2/21 10:34:08,277秒,微信,,117.86.23.196(江苏-南通),50,研一,"有,但不足3个月",商业计划书/营销方案┋项目实施总结,听说过但不清楚具体内容,基本清楚,国际商务案例分析(基于真实企业编写教学案例)→企业咨询报告(为企业提供市场分析、 战略建议等)→市场调研报告(针对特定市场/行业的系统调研),"能真正解决实际问题,有成就感┋相对容易获得数据和企业支持┋更能展示我的实践能力",纯粹的实习日志或工作总结┋缺乏数据支撑的主观建议  简单的文献综述类报告┋企业内部保密性过强无法公开的材料,5,5,5,5,5,5,5,5,5,5,20,20,20,20,20,缺乏实践成果撰写的模板和范例┋企业不愿意配合或提供真实数据┋担心实践成果比写论文更难/工作量更大,与MIB不同专业方向(跨境电商、国际投资等)的匹配度┋各类成果的质量标准清晰可操作┋提供不同类型成果的模板和优秀范例,优秀实践成果案例库┋企业项目对接平台┋实践成果撰写工作坊/专题培训,多多提供帮助,基本同意 ←请选择此项
118,2026/2/21 10:34:24,229秒,微信,,111.9.109.247(四川-绵阳),50,研一,"有,且持续3个月以上",尚未产出任何材料,听说过但不清楚具体内容,完全不清楚,企业咨询报告(为企业提供市场分析、 战略建议等)→市场调研报告(针对特定市场/行业的系统调研)→项目实施总结(完整参与项目并形成复盘报告),与我的实习/工作内容直接相关┋相对容易获得数据和企业支持┋对未来就业有帮助,企业内部保密性过强无法公开的材料,5,5,5,5,5,5,5,5,5,5,20,25,15,30,10,不知道什么类型的实践成果能被学院认可┋担心做了企业项目最后论文评审不通过┋不清楚实践成果的具体质量要求,与学生实习岗位和职业规划的相关性┋成果类型的多样性和灵活性┋明确各类成果的最低字数/工作量要求,优秀实践成果案例库┋实践成果评价指标细则和评分表┋企业项目对接平台,(空),基本同意 ←请选择此项
119,2026/2/21 10:34:54,370秒,微信,,223.104.51.188(福建-福州),35,研一,尚未开始实习,尚未产出任何材料,听说过但不清楚具体内容,完全不清楚,国际商务案例分析(基于真实企业编写教学案例)→商业方案设计(跨境电商方案、国际市场进入方案等)→企业咨询报告(为企业提供市场分析、 战略建议等),与我的实习/工作内容直接相关┋对未来就业有帮助┋工作量相对可控,企业内部保密性过强无法公开的材料┋团队合作项目中个人贡献难以界定的成果,4,4,4,2,4,3,4,3,4,3,20,20,20,20,20,缺乏实践成果撰写的模板和范例┋企业不愿意配合或提供真实数据┋担心实践成果比写论文更难/工作量更大,与MIB不同专业方向(跨境电商、国际投资等)的匹配度┋与学生实习岗位和职业规划的相关性┋各类成果的质量标准清晰可操作,不同类型实践成果的撰写模板┋企业项目对接平台┋实践成果撰写工作坊/专题培训,(空),基本同意 ←请选择此项
120,2026/2/21 10:36:51,174秒,微信,,39.144.110.18(山东-临沂),42,研一,"有,但不足3个月",数据分析报告,完全不了解,不太清楚,项目实施总结(完整参与项目并形成复盘报告),对未来就业有帮助,企业内部保密性过强无法公开的材料,4,4,4,4,4,4,4,5,5,4,24,20,10,15,31,不知道什么类型的实践成果能被学院认可┋担心做了企业项目最后论文评审不通过,与MIB不同专业方向(跨境电商、国际投资等)的匹配度┋与学生实习岗位和职业规划的相关性,不同类型实践成果的撰写模板┋优秀实践成果案例库,(空),基本同意 ←请选择此项
121,2026/2/21 10:37:16,768秒,微信,,223.160.161.87(山东-济南),50,研一,"有,且持续3个月以上",尚未产出任何材料,有所了解,不太清楚,企业咨询报告(为企业提供市场分析、 战略建议等)→市场调研报告(针对特定市场/行业的系统调研),与我的实习/工作内容直接相关,企业内部保密性过强无法公开的材料,5,5,5,5,5,5,5,5,5,5,30,30,5,15,20,不知道什么类型的实践成果能被学院认可┋担心做了企业项目最后论文评审不通过┋缺乏实践成果撰写的模板和范例,成果类型的多样性和灵活性┋提供不同类型成果的模板和优秀范例┋明确各类成果的最低字数/工作量要求,不同类型实践成果的撰写模板┋优秀实践成果案例库┋实践成果评价指标细则和评分表,(空),基本同意 ←请选择此项
122,2026/2/21 10:38:07,274秒,微信,,101.20.40.163(河北-廊坊),50,研一,"有,且持续3个月以上",项目实施总结,听说过但不清楚具体内容,基本清楚,数字化解决方案(基于数据分析的商业智能报告)→政策研究报告(针对国际贸易政策的应用研究)→市场调研报告(针对特定市场/行业的系统调研),"能真正解决实际问题,有成就感┋对未来就业有帮助",纯粹的实习日志或工作总结┋缺乏数据支撑的主观建议  简单的文献综述类报告┋企业内部保密性过强无法公开的材料,5,5,5,5,5,5,5,5,5,5,50,10,20,10,10,不清楚实践成果的具体质量要求┋缺乏实践成果撰写的模板和范例┋企业不愿意配合或提供真实数据,成果类型的多样性和灵活性┋各类成果的质量标准清晰可操作┋提供不同类型成果的模板和优秀范例,不同类型实践成果的撰写模板┋企业项目对接平台┋实践成果撰写工作坊/专题培训,(空),基本同意 ←请选择此项
123,2026/2/21 10:39:03,143秒,微信,,114.84.119.52(上海-上海),42,研一,"有,但不足3个月",项目实施总结,有所了解,基本清楚,国际商务案例分析(基于真实企业编写教学案例)→商业方案设计(跨境电商方案、国际市场进入方案等)→项目实施总结(完整参与项目并形成复盘报告),"与我的实习/工作内容直接相关┋能真正解决实际问题,有成就感┋相对容易获得数据和企业支持",缺乏数据支撑的主观建议  简单的文献综述类报告┋企业内部保密性过强无法公开的材料┋团队合作项目中个人贡献难以界定的成果,4,5,5,4,5,4,4,5,4,2,13,21,25,17,24,担心做了企业项目最后论文评审不通过┋不清楚实践成果的具体质量要求┋企业不愿意配合或提供真实数据,与MIB不同专业方向(跨境电商、国际投资等)的匹配度┋成果类型的多样性和灵活性┋提供不同类型成果的模板和优秀范例,不同类型实践成果的撰写模板┋优秀实践成果案例库┋企业项目对接平台,(空),基本同意 ←请选择此项
124,2026/2/21 10:39:46,134秒,微信,,223.104.161.182(浙江-宁波),50,研一,"有,但不足3个月",其他(请注明):__〖审计报告〗,完全不了解,不太清楚,国际商务案例分析(基于真实企业编写教学案例)→市场调研报告(针对特定市场/行业的系统调研)→企业咨询报告(为企业提供市场分析、 战略建议等),"与我的实习/工作内容直接相关┋能真正解决实际问题,有成就感┋相对容易获得数据和企业支持",纯粹的实习日志或工作总结┋缺乏数据支撑的主观建议  简单的文献综述类报告┋企业内部保密性过强无法公开的材料,5,5,5,5,5,5,5,5,5,5,30,30,5,15,20,不知道什么类型的实践成果能被学院认可┋担心做了企业项目最后论文评审不通过┋不清楚实践成果的具体质量要求,与MIB不同专业方向(跨境电商、国际投资等)的匹配度┋与学生实习岗位和职业规划的相关性┋成果类型的多样性和灵活性,不同类型实践成果的撰写模板┋优秀实践成果案例库┋企业项目对接平台,(空),基本同意 ←请选择此项
125,2026/2/21 10:40:54,140秒,微信,,223.160.169.38(安徽-合肥),30,研一,"有,且持续3个月以上",尚未产出任何材料,完全不了解,不太清楚,商业方案设计(跨境电商方案、国际市场进入方案等)→国际商务案例分析(基于真实企业编写教学案例),与我的实习/工作内容直接相关┋对未来就业有帮助,缺乏数据支撑的主观建议  简单的文献综述类报告┋企业内部保密性过强无法公开的材料,3,3,3,3,3,3,3,3,3,3,46,24,10,10,10,担心做了企业项目最后论文评审不通过┋缺乏实践成果撰写的模板和范例,成果类型的多样性和灵活性,企业项目对接平台,无,基本同意 ←请选择此项
126,2026/2/21 10:43:09,420秒,微信,,117.175.128.1(四川-成都),36,研一,"有,但不足3个月",尚未产出任何材料,听说过但不清楚具体内容,不太清楚,市场调研报告(针对特定市场/行业的系统调研)→政策研究报告(针对国际贸易政策的应用研究)→商业方案设计(跨境电商方案、国际市场进入方案等),"与我的实习/工作内容直接相关┋能真正解决实际问题,有成就感",缺乏数据支撑的主观建议  简单的文献综述类报告┋企业内部保密性过强无法公开的材料,4,4,3,3,4,3,2,4,5,4,30,30,20,10,10,不知道什么类型的实践成果能被学院认可┋企业不愿意配合或提供真实数据┋不知道如何平衡学术性与实践性,与MIB不同专业方向(跨境电商、国际投资等)的匹配度┋与学生实习岗位和职业规划的相关性┋提供不同类型成果的模板和优秀范例,不同类型实践成果的撰写模板┋优秀实践成果案例库┋企业项目对接平台,(空),基本同意 ←请选择此项
127,2026/2/21 10:44:40,131秒,微信,,112.224.163.177(山东-济南),50,研一,"有,但不足3个月",市场调研报告,有所了解,非常清楚,市场调研报告(针对特定市场/行业的系统调研)→政策研究报告(针对国际贸易政策的应用研究)→企业咨询报告(为企业提供市场分析、 战略建议等),与我的实习/工作内容直接相关┋对未来就业有帮助,团队合作项目中个人贡献难以界定的成果,5,5,5,5,5,5,5,5,5,5,46,11,15,13,15,不知道什么类型的实践成果能被学院认可┋担心做了企业项目最后论文评审不通过┋缺乏实践成果撰写的模板和范例,与MIB不同专业方向(跨境电商、国际投资等)的匹配度┋与学生实习岗位和职业规划的相关性┋成果类型的多样性和灵活性,不同类型实践成果的撰写模板┋优秀实践成果案例库┋实践成果评价指标细则和评分表,无,基本同意 ←请选择此项
128,2026/2/21 10:44:47,649秒,微信,,182.245.57.223(云南-昆明),41,研一,尚未开始实习,尚未产出任何材料,完全不了解,完全不清楚,项目实施总结(完整参与项目并形成复盘报告)→企业咨询报告(为企业提供市场分析、 战略建议等)→投资项目可行性研究报告（从风险到回报的全面分析决策）,"能真正解决实际问题,有成就感┋相对容易获得数据和企业支持┋对未来就业有帮助",纯粹的实习日志或工作总结┋缺乏数据支撑的主观建议  简单的文献综述类报告┋团队合作项目中个人贡献难以界定的成果,4,4,4,4,4,5,4,4,4,4,25,25,10,20,20,不知道什么类型的实践成果能被学院认可┋不清楚实践成果的具体质量要求┋缺乏实践成果撰写的模板和范例,与学生实习岗位和职业规划的相关性┋成果类型的多样性和灵活性┋提供不同类型成果的模板和优秀范例,不同类型实践成果的撰写模板┋企业项目对接平台┋实践成果撰写工作坊/专题培训,(空),基本同意 ←请选择此项
129,2026/2/21 10:45:48,260秒,微信,,27.186.124.32(河北-保定),49,研一,"有,但不足3个月",尚未产出任何材料,有所了解,基本清楚,国际商务案例分析(基于真实企业编写教学案例)→企业咨询报告(为企业提供市场分析、 战略建议等)→市场调研报告(针对特定市场/行业的系统调研),相对容易获得数据和企业支持,缺乏数据支撑的主观建议  简单的文献综述类报告┋企业内部保密性过强无法公开的材料,5,5,5,4,5,5,5,5,5,5,40,20,20,10,10,不知道什么类型的实践成果能被学院认可┋担心做了企业项目最后论文评审不通过┋不清楚实践成果的具体质量要求,成果类型的多样性和灵活性┋提供不同类型成果的模板和优秀范例,不同类型实践成果的撰写模板┋优秀实践成果案例库┋实践成果评价指标细则和评分表,与,基本同意 ←请选择此项
130,2026/2/21 10:47:48,383秒,微信,,112.102.37.106(黑龙江-哈尔滨),39,研一,"有,且持续3个月以上",尚未产出任何材料,听说过但不清楚具体内容,基本清楚,国际商务案例分析(基于真实企业编写教学案例)→市场调研报告(针对特定市场/行业的系统调研)→商业方案设计(跨境电商方案、国际市场进入方案等),相对容易获得数据和企业支持┋工作量相对可控,企业内部保密性过强无法公开的材料,4,5,2,3,4,4,5,4,5,3,20,42,23,10,5,不知道什么类型的实践成果能被学院认可┋担心做了企业项目最后论文评审不通过┋企业不愿意配合或提供真实数据,与MIB不同专业方向(跨境电商、国际投资等)的匹配度┋成果类型的多样性和灵活性┋各类成果的质量标准清晰可操作,不同类型实践成果的撰写模板┋实践成果评价指标细则和评分表┋企业项目对接平台,无,基本同意 ←请选择此项
131,2026/2/21 10:50:47,1124秒,微信,,117.172.52.138(四川-成都),41,研一,"有,且持续3个月以上",商业计划书/营销方案┋项目实施总结,听说过但不清楚具体内容,不太清楚,企业咨询报告(为企业提供市场分析、 战略建议等)→国际商务案例分析(基于真实企业编写教学案例)→市场调研报告(针对特定市场/行业的系统调研),"能真正解决实际问题,有成就感┋对未来就业有帮助┋工作量相对可控",纯粹的实习日志或工作总结┋缺乏数据支撑的主观建议  简单的文献综述类报告┋企业内部保密性过强无法公开的材料,4,5,4,4,3,4,5,5,4,3,18,22,18,24,18,不知道什么类型的实践成果能被学院认可┋企业不愿意配合或提供真实数据┋担心实践成果比写论文更难/工作量更大,与MIB不同专业方向(跨境电商、国际投资等)的匹配度┋成果类型的多样性和灵活性┋明确各类成果的最低字数/工作量要求,不同类型实践成果的撰写模板┋优秀实践成果案例库┋企业项目对接平台,改成实践成果希望不要比原来的毕业论文更难,基本同意 ←请选择此项
132,2026/2/21 10:55:18,247秒,微信,,223.160.231.20(广东-广州),50,研一,"有,且持续3个月以上",其他(请注明):__〖研报〗,有所了解,基本清楚,投资项目可行性研究报告（从风险到回报的全面分析决策）→政策研究报告(针对国际贸易政策的应用研究)→国际商务案例分析(基于真实企业编写教学案例),与我的实习/工作内容直接相关,纯粹的实习日志或工作总结,5,5,5,5,5,5,5,5,5,5,10,5,55,0,30,企业不愿意配合或提供真实数据┋担心实践成果比写论文更难/工作量更大,与MIB不同专业方向(跨境电商、国际投资等)的匹配度,优秀实践成果案例库,(空),基本同意 ←请选择此项
133,2026/2/21 10:56:46,243秒,微信,,112.32.15.150(安徽-合肥),37,研一,"有,且持续3个月以上",尚未产出任何材料,完全不了解,不太清楚,市场调研报告(针对特定市场/行业的系统调研)→企业咨询报告(为企业提供市场分析、 战略建议等)→投资项目可行性研究报告（从风险到回报的全面分析决策）,"与我的实习/工作内容直接相关┋能真正解决实际问题,有成就感┋更能展示我的实践能力",纯粹的实习日志或工作总结┋缺乏数据支撑的主观建议  简单的文献综述类报告┋企业内部保密性过强无法公开的材料,4,4,3,3,4,4,4,5,4,2,20,20,20,20,20,不清楚实践成果的具体质量要求┋缺乏实践成果撰写的模板和范例┋企业不愿意配合或提供真实数据,与学生实习岗位和职业规划的相关性┋成果类型的多样性和灵活性,不同类型实践成果的撰写模板┋优秀实践成果案例库┋实践成果评价指标细则和评分表,(空),基本同意 ←请选择此项
134,2026/2/21 11:00:09,617秒,微信,,175.7.107.226(湖南-岳阳),37,研一,"有,且持续3个月以上",数据分析报告,完全不了解,不太清楚,企业咨询报告(为企业提供市场分析、 战略建议等)→数字化解决方案(基于数据分析的商业智能报告)→项目实施总结(完整参与项目并形成复盘报告),"与我的实习/工作内容直接相关┋能真正解决实际问题,有成就感┋对未来就业有帮助",企业内部保密性过强无法公开的材料,4,4,5,3,3,3,4,3,4,4,36,6,22,10,26,担心做了企业项目最后论文评审不通过┋担心实践成果比写论文更难/工作量更大┋不知道如何平衡学术性与实践性,与学生实习岗位和职业规划的相关性┋提供不同类型成果的模板和优秀范例┋明确各类成果的最低字数/工作量要求,不同类型实践成果的撰写模板┋实践成果评价指标细则和评分表┋企业项目对接平台,(空),基本同意 ←请选择此项
135,2026/2/21 11:00:44,310秒,微信,,49.85.160.22(江苏-泰州),49,研一,尚未开始实习,市场调研报告┋商业计划书/营销方案┋客户案例分析,听说过但不清楚具体内容,基本清楚,国际商务案例分析(基于真实企业编写教学案例)→市场调研报告(针对特定市场/行业的系统调研)→产品/服务创新方案(新产品开发、服务模式设计等),相对容易获得数据和企业支持┋对未来就业有帮助┋工作量相对可控,缺乏数据支撑的主观建议  简单的文献综述类报告┋企业内部保密性过强无法公开的材料,5,5,5,5,5,5,5,5,5,4,18,16,15,33,18,不知道什么类型的实践成果能被学院认可┋担心做了企业项目最后论文评审不通过┋企业不愿意配合或提供真实数据,与MIB不同专业方向(跨境电商、国际投资等)的匹配度┋与学生实习岗位和职业规划的相关性,企业项目对接平台┋导师指导手册,无,基本同意 ←请选择此项
136,2026/2/21 11:03:12,97秒,微信,,221.192.179.201(河北-石家庄),30,研一,"有,但不足3个月",数据分析报告,完全不了解,不太清楚,企业咨询报告(为企业提供市场分析、 战略建议等)→项目实施总结(完整参与项目并形成复盘报告),"与我的实习/工作内容直接相关┋能真正解决实际问题,有成就感",企业内部保密性过强无法公开的材料,3,3,3,3,3,3,3,3,3,3,41,12,29,15,3,不知道什么类型的实践成果能被学院认可┋企业不愿意配合或提供真实数据,与学生实习岗位和职业规划的相关性,企业项目对接平台,(空),基本同意 ←请选择此项
137,2026/2/21 11:09:40,148秒,微信,,114.99.205.211(安徽-滁州),44,研一,尚未开始实习,市场调研报告┋商业计划书/营销方案┋数据分析报告,有所了解,基本清楚,国际商务案例分析(基于真实企业编写教学案例)→市场调研报告(针对特定市场/行业的系统调研)→政策研究报告(针对国际贸易政策的应用研究),与我的实习/工作内容直接相关┋相对容易获得数据和企业支持┋对未来就业有帮助,纯粹的实习日志或工作总结┋缺乏数据支撑的主观建议  简单的文献综述类报告,4,4,3,5,5,4,5,4,5,5,40,15,20,15,10,担心做了企业项目最后论文评审不通过┋缺乏实践成果撰写的模板和范例┋不知道如何平衡学术性与实践性,与MIB不同专业方向(跨境电商、国际投资等)的匹配度┋成果类型的多样性和灵活性,不同类型实践成果的撰写模板┋优秀实践成果案例库┋实践成果评价指标细则和评分表,(空),基本同意 ←请选择此项
138,2026/2/21 11:14:33,127秒,微信,,111.3.21.237(浙江-嘉兴),45,研一,尚未开始实习,商业计划书/营销方案,有所了解,基本清楚,企业咨询报告(为企业提供市场分析、 战略建议等)→国际商务案例分析(基于真实企业编写教学案例)→市场调研报告(针对特定市场/行业的系统调研),"与我的实习/工作内容直接相关┋能真正解决实际问题,有成就感",纯粹的实习日志或工作总结┋缺乏数据支撑的主观建议  简单的文献综述类报告┋企业内部保密性过强无法公开的材料,5,4,4,4,5,5,5,4,5,4,60,10,10,10,10,不知道什么类型的实践成果能被学院认可┋担心做了企业项目最后论文评审不通过,与MIB不同专业方向(跨境电商、国际投资等)的匹配度┋与学生实习岗位和职业规划的相关性,优秀实践成果案例库┋企业项目对接平台┋实践成果撰写工作坊/专题培训,(空),基本同意 ←请选择此项
139,2026/2/21 11:15:33,256秒,微信,,171.219.231.253(四川-成都),50,研一,"有,且持续3个月以上",商业计划书/营销方案┋数据分析报告┋项目实施总结,有所了解,不太清楚,商业方案设计(跨境电商方案、国际市场进入方案等),与我的实习/工作内容直接相关,纯粹的实习日志或工作总结,5,5,5,5,5,5,5,5,5,5,19,40,20,19,2,不知道什么类型的实践成果能被学院认可,与MIB不同专业方向(跨境电商、国际投资等)的匹配度,不同类型实践成果的撰写模板,(空),基本同意 ←请选择此项
140,2026/2/21 11:16:02,103秒,微信,,39.168.153.3(江西-九江),21,研一,"有,且持续3个月以上",市场调研报告┋数据分析报告┋项目实施总结,完全不了解,完全不清楚,国际商务案例分析(基于真实企业编写教学案例)→商业方案设计(跨境电商方案、国际市场进入方案等)→数字化解决方案(基于数据分析的商业智能报告),"与我的实习/工作内容直接相关┋能真正解决实际问题,有成就感┋相对容易获得数据和企业支持",纯粹的实习日志或工作总结┋缺乏数据支撑的主观建议  简单的文献综述类报告┋企业内部保密性过强无法公开的材料,2,2,2,3,2,2,2,2,2,2,29,22,23,20,6,缺乏实践成果撰写的模板和范例,提供不同类型成果的模板和优秀范例,实践成果撰写工作坊/专题培训,(空),基本同意 ←请选择此项
141,2026/2/21 11:19:48,208秒,微信,,110.53.6.104(湖南-娄底),42,研一,"有,且持续3个月以上",数据分析报告,听说过但不清楚具体内容,不太清楚,国际商务案例分析(基于真实企业编写教学案例)→商业方案设计(跨境电商方案、国际市场进入方案等)→项目实施总结(完整参与项目并形成复盘报告),"与我的实习/工作内容直接相关┋能真正解决实际问题,有成就感┋对未来就业有帮助",纯粹的实习日志或工作总结┋企业内部保密性过强无法公开的材料┋团队合作项目中个人贡献难以界定的成果,4,3,5,3,5,4,5,5,4,4,32,22,24,14,8,不知道什么类型的实践成果能被学院认可┋担心做了企业项目最后论文评审不通过┋不清楚实践成果的具体质量要求,与MIB不同专业方向(跨境电商、国际投资等)的匹配度┋与学生实习岗位和职业规划的相关性┋各类成果的质量标准清晰可操作,不同类型实践成果的撰写模板┋优秀实践成果案例库┋企业项目对接平台,无,基本同意 ←请选择此项
142,2026/2/21 11:26:03,143秒,微信,,114.86.129.90(上海-上海),20,研一,"有,且持续3个月以上",尚未产出任何材料,听说过但不清楚具体内容,完全不清楚,企业咨询报告(为企业提供市场分析、 战略建议等),与我的实习/工作内容直接相关,纯粹的实习日志或工作总结,2,2,2,2,2,2,2,2,2,2,41,44,0,15,0,不知道什么类型的实践成果能被学院认可,与MIB不同专业方向(跨境电商、国际投资等)的匹配度┋与学生实习岗位和职业规划的相关性,不同类型实践成果的撰写模板,(空),基本同意 ←请选择此项
143,2026/2/21 11:35:49,243秒,微信,,183.213.236.137(江苏-南通),39,研一,尚未开始实习,尚未产出任何材料,听说过但不清楚具体内容,不太清楚,项目实施总结(完整参与项目并形成复盘报告)→商业方案设计(跨境电商方案、国际市场进入方案等)→企业咨询报告(为企业提供市场分析、 战略建议等),"能真正解决实际问题,有成就感┋更能展示我的实践能力┋对未来就业有帮助",纯粹的实习日志或工作总结┋缺乏数据支撑的主观建议  简单的文献综述类报告┋企业内部保密性过强无法公开的材料,5,2,4,2,3,4,5,5,5,4,20,40,10,10,20,不知道什么类型的实践成果能被学院认可┋担心做了企业项目最后论文评审不通过┋担心实践成果比写论文更难/工作量更大,成果类型的多样性和灵活性┋各类成果的质量标准清晰可操作┋提供不同类型成果的模板和优秀范例,优秀实践成果案例库┋企业项目对接平台┋实践成果撰写工作坊/专题培训,(空),基本同意 ←请选择此项
144,2026/2/21 11:41:52,88秒,微信,,114.86.105.14(上海-上海),50,研一,"有,且持续3个月以上",尚未产出任何材料,完全不了解,完全不清楚,企业咨询报告(为企业提供市场分析、 战略建议等)→商业方案设计(跨境电商方案、国际市场进入方案等)→国际商务案例分析(基于真实企业编写教学案例),与我的实习/工作内容直接相关┋更能展示我的实践能力┋对未来就业有帮助,缺乏数据支撑的主观建议  简单的文献综述类报告┋企业内部保密性过强无法公开的材料┋团队合作项目中个人贡献难以界定的成果,5,5,5,5,5,5,5,5,5,5,17,17,16,20,30,不知道什么类型的实践成果能被学院认可┋担心做了企业项目最后论文评审不通过┋不清楚实践成果的具体质量要求,与MIB不同专业方向(跨境电商、国际投资等)的匹配度┋与学生实习岗位和职业规划的相关性┋成果类型的多样性和灵活性,不同类型实践成果的撰写模板┋优秀实践成果案例库┋实践成果评价指标细则和评分表,无,基本同意 ←请选择此项
145,2026/2/21 11:49:38,198秒,微信,,59.53.217.225(江西-南昌),38,研一,"有,但不足3个月",数据分析报告,听说过但不清楚具体内容,不太清楚,国际商务案例分析(基于真实企业编写教学案例)→市场调研报告(针对特定市场/行业的系统调研)→商业方案设计(跨境电商方案、国际市场进入方案等),相对容易获得数据和企业支持,纯粹的实习日志或工作总结┋企业内部保密性过强无法公开的材料┋团队合作项目中个人贡献难以界定的成果,4,5,4,3,4,3,5,4,3,3,60,10,10,10,10,不知道什么类型的实践成果能被学院认可┋担心做了企业项目最后论文评审不通过┋缺乏实践成果撰写的模板和范例,与MIB不同专业方向(跨境电商、国际投资等)的匹配度┋与学生实习岗位和职业规划的相关性┋成果类型的多样性和灵活性,不同类型实践成果的撰写模板┋优秀实践成果案例库┋企业项目对接平台,(空),基本同意 ←请选择此项
146,2026/2/21 12:09:42,78秒,微信,,223.104.122.203(湖北-武汉),20,研一,"有,且持续3个月以上",项目实施总结,听说过但不清楚具体内容,基本清楚,国际商务案例分析(基于真实企业编写教学案例),与我的实习/工作内容直接相关,纯粹的实习日志或工作总结┋缺乏数据支撑的主观建议  简单的文献综述类报告,2,2,2,2,2,2,2,2,2,2,38,2,13,4,43,缺乏实践成果撰写的模板和范例,各类成果的质量标准清晰可操作,企业项目对接平台,(空),基本同意 ←请选择此项
147,2026/2/21 12:14:18,514秒,微信,,223.104.162.151(浙江-温州),33,研一,尚未开始实习,尚未产出任何材料,完全不了解,不太清楚,市场调研报告(针对特定市场/行业的系统调研)→企业咨询报告(为企业提供市场分析、 战略建议等)→政策研究报告(针对国际贸易政策的应用研究),相对容易获得数据和企业支持┋对未来就业有帮助┋工作量相对可控,缺乏数据支撑的主观建议  简单的文献综述类报告┋企业内部保密性过强无法公开的材料┋团队合作项目中个人贡献难以界定的成果,3,3,1,4,3,4,5,3,3,4,30,20,10,10,30,缺乏实践成果撰写的模板和范例┋担心实践成果比写论文更难/工作量更大┋不知道如何平衡学术性与实践性,成果类型的多样性和灵活性┋提供不同类型成果的模板和优秀范例┋明确各类成果的最低字数/工作量要求,不同类型实践成果的撰写模板┋优秀实践成果案例库┋实践成果评价指标细则和评分表,(空),基本同意 ←请选择此项
148,2026/2/21 12:14:54,230秒,微信,,113.123.228.53(山东-枣庄),40,研一,"有,且持续3个月以上",市场调研报告┋商业计划书/营销方案┋数据分析报告,完全不了解,完全不清楚,企业咨询报告(为企业提供市场分析、 战略建议等)→市场调研报告(针对特定市场/行业的系统调研)→数字化解决方案(基于数据分析的商业智能报告),"能真正解决实际问题,有成就感┋相对容易获得数据和企业支持┋更能展示我的实践能力",纯粹的实习日志或工作总结┋缺乏数据支撑的主观建议  简单的文献综述类报告┋团队合作项目中个人贡献难以界定的成果,5,5,4,3,3,3,4,4,5,4,20,10,31,30,9,不知道什么类型的实践成果能被学院认可┋担心做了企业项目最后论文评审不通过┋不清楚实践成果的具体质量要求,与MIB不同专业方向(跨境电商、国际投资等)的匹配度┋与学生实习岗位和职业规划的相关性┋明确各类成果的最低字数/工作量要求,不同类型实践成果的撰写模板┋优秀实践成果案例库┋实践成果评价指标细则和评分表,(空),基本同意 ←请选择此项
149,2026/2/21 12:27:16,418秒,微信,,111.78.54.89(江西-赣州),22,研一,"有,但不足3个月",尚未产出任何材料,有所了解,基本清楚,国际商务案例分析(基于真实企业编写教学案例)→企业咨询报告(为企业提供市场分析、 战略建议等)→商业方案设计(跨境电商方案、国际市场进入方案等),与我的实习/工作内容直接相关┋更能展示我的实践能力,缺乏数据支撑的主观建议  简单的文献综述类报告,2,2,3,2,3,1,4,1,1,3,0,0,0,0,100,担心做了企业项目最后论文评审不通过┋缺乏实践成果撰写的模板和范例┋企业不愿意配合或提供真实数据,与学生实习岗位和职业规划的相关性,不同类型实践成果的撰写模板┋实践成果评价指标细则和评分表┋企业项目对接平台,(空),基本同意 ←请选择此项
150,2026/2/21 12:30:00,69秒,微信,,112.0.8.71(江苏-盐城),32,研一,尚未开始实习,市场调研报告,非常了解,基本清楚,投资项目可行性研究报告（从风险到回报的全面分析决策）,相对容易获得数据和企业支持┋对未来就业有帮助,纯粹的实习日志或工作总结┋缺乏数据支撑的主观建议  简单的文献综述类报告,3,3,3,3,4,3,3,3,4,3,27,18,23,20,12,不知道什么类型的实践成果能被学院认可,与MIB不同专业方向(跨境电商、国际投资等)的匹配度,不同类型实践成果的撰写模板,(空),基本同意 ←请选择此项
151,2026/2/21 12:35:00,272秒,微信,,113.194.244.132(江西-南昌),34,研一,尚未开始实习,尚未产出任何材料,听说过但不清楚具体内容,不太清楚,项目实施总结(完整参与项目并形成复盘报告)→企业咨询报告(为企业提供市场分析、 战略建议等)→国际商务案例分析(基于真实企业编写教学案例),"与我的实习/工作内容直接相关┋能真正解决实际问题,有成就感┋相对容易获得数据和企业支持",缺乏数据支撑的主观建议  简单的文献综述类报告┋企业内部保密性过强无法公开的材料┋团队合作项目中个人贡献难以界定的成果,4,4,4,3,3,3,3,4,3,3,40,20,10,10,20,不知道什么类型的实践成果能被学院认可┋担心做了企业项目最后论文评审不通过┋不清楚实践成果的具体质量要求,与MIB不同专业方向(跨境电商、国际投资等)的匹配度┋与学生实习岗位和职业规划的相关性┋成果类型的多样性和灵活性,不同类型实践成果的撰写模板┋优秀实践成果案例库┋实践成果评价指标细则和评分表,(空),基本同意 ←请选择此项
152,2026/2/21 12:55:50,343秒,微信,,116.169.81.238(四川-未知),44,研一,尚未开始实习,客户案例分析,听说过但不清楚具体内容,基本清楚,市场调研报告(针对特定市场/行业的系统调研)→产品/服务创新方案(新产品开发、服务模式设计等)→数字化解决方案(基于数据分析的商业智能报告),"能真正解决实际问题,有成就感┋对未来就业有帮助",纯粹的实习日志或工作总结┋企业内部保密性过强无法公开的材料┋团队合作项目中个人贡献难以界定的成果,5,5,3,5,5,3,4,4,5,5,40,20,15,15,10,担心做了企业项目最后论文评审不通过┋不清楚实践成果的具体质量要求┋缺乏实践成果撰写的模板和范例,与学生实习岗位和职业规划的相关性┋成果类型的多样性和灵活性┋各类成果的质量标准清晰可操作,优秀实践成果案例库┋实践成果评价指标细则和评分表┋企业项目对接平台,(空),基本同意 ←请选择此项
153,2026/2/21 12:58:25,95秒,微信,,117.87.255.110(江苏-徐州),40,研一,"有,且持续3个月以上",数据分析报告,有所了解,基本清楚,企业咨询报告(为企业提供市场分析、 战略建议等),与我的实习/工作内容直接相关,纯粹的实习日志或工作总结,4,4,4,4,4,4,4,4,4,4,20,20,20,20,20,缺乏实践成果撰写的模板和范例,与MIB不同专业方向(跨境电商、国际投资等)的匹配度,不同类型实践成果的撰写模板,(空),基本同意 ←请选择此项
154,2026/2/21 13:16:09,394秒,微信,,119.44.61.53(湖南-长沙),42,研一,尚未开始实习,尚未产出任何材料,听说过但不清楚具体内容,不太清楚,市场调研报告(针对特定市场/行业的系统调研)→国际商务案例分析(基于真实企业编写教学案例)→政策研究报告(针对国际贸易政策的应用研究),"能真正解决实际问题,有成就感┋相对容易获得数据和企业支持┋对未来就业有帮助",缺乏数据支撑的主观建议  简单的文献综述类报告,5,5,4,5,3,3,3,5,5,4,30,30,15,15,10,不知道什么类型的实践成果能被学院认可┋不清楚实践成果的具体质量要求┋不知道如何平衡学术性与实践性,与MIB不同专业方向(跨境电商、国际投资等)的匹配度┋与学生实习岗位和职业规划的相关性┋成果类型的多样性和灵活性,不同类型实践成果的撰写模板┋优秀实践成果案例库┋企业项目对接平台,(空),基本同意 ←请选择此项
155,2026/2/21 16:40:16,143秒,微信,,220.196.194.120(上海-上海),38,研一,"有,且持续3个月以上",尚未产出任何材料,听说过但不清楚具体内容,基本清楚,国际商务案例分析(基于真实企业编写教学案例),与我的实习/工作内容直接相关┋对未来就业有帮助,缺乏数据支撑的主观建议  简单的文献综述类报告,5,4,3,2,3,5,5,5,3,3,30,20,10,20,20,不知道什么类型的实践成果能被学院认可,与MIB不同专业方向(跨境电商、国际投资等)的匹配度,不同类型实践成果的撰写模板,(空),基本同意 ←请选择此项
156,2026/2/21 17:10:07,143秒,微信,,112.17.242.22(浙江-杭州),40,研一,"有,且持续3个月以上",商业计划书/营销方案┋客户案例分析┋项目实施总结,有所了解,基本清楚,国际商务案例分析(基于真实企业编写教学案例)→市场调研报告(针对特定市场/行业的系统调研)→企业咨询报告(为企业提供市场分析、 战略建议等),"与我的实习/工作内容直接相关┋能真正解决实际问题,有成就感┋相对容易获得数据和企业支持",纯粹的实习日志或工作总结┋缺乏数据支撑的主观建议  简单的文献综述类报告,4,4,4,4,4,4,4,4,4,4,20,20,20,20,20,不知道什么类型的实践成果能被学院认可┋担心做了企业项目最后论文评审不通过┋不清楚实践成果的具体质量要求,与MIB不同专业方向(跨境电商、国际投资等)的匹配度┋与学生实习岗位和职业规划的相关性┋成果类型的多样性和灵活性,不同类型实践成果的撰写模板┋优秀实践成果案例库┋企业项目对接平台,无,基本同意 ←请选择此项
157,2026/2/21 17:40:40,725秒,微信,,125.75.94.220(甘肃-金昌),40,研一,尚未开始实习,其他(请注明):__〖未实习〗┋尚未产出任何材料,听说过但不清楚具体内容,基本清楚,市场调研报告(针对特定市场/行业的系统调研)→国际商务案例分析(基于真实企业编写教学案例)→商业方案设计(跨境电商方案、国际市场进入方案等),"与我的实习/工作内容直接相关┋能真正解决实际问题,有成就感┋对未来就业有帮助",纯粹的实习日志或工作总结┋缺乏数据支撑的主观建议  简单的文献综述类报告┋企业内部保密性过强无法公开的材料,5,4,3,4,4,5,3,5,4,3,30,20,20,20,10,不知道什么类型的实践成果能被学院认可┋担心做了企业项目最后论文评审不通过┋企业不愿意配合或提供真实数据,与MIB不同专业方向(跨境电商、国际投资等)的匹配度┋各类成果的质量标准清晰可操作┋提供不同类型成果的模板和优秀范例,优秀实践成果案例库┋实践成果评价指标细则和评分表┋企业项目对接平台,无,基本同意 ←请选择此项
158,2026/2/21 18:01:32,130秒,微信,,115.149.117.116(江西-上饶),43,研二,"有,且持续3个月以上",市场调研报告┋商业计划书/营销方案┋数据分析报告,非常了解,非常清楚,数字化解决方案(基于数据分析的商业智能报告),"与我的实习/工作内容直接相关┋能真正解决实际问题,有成就感",缺乏数据支撑的主观建议  简单的文献综述类报告┋团队合作项目中个人贡献难以界定的成果,5,4,4,5,4,4,5,4,4,4,40,20,20,10,10,担心做了企业项目最后论文评审不通过┋不清楚实践成果的具体质量要求┋缺乏实践成果撰写的模板和范例,与学生实习岗位和职业规划的相关性┋成果类型的多样性和灵活性,优秀实践成果案例库┋实践成果评价指标细则和评分表,(空),基本同意 ←请选择此项
159,2026/2/21 20:42:38,86秒,微信,,123.139.60.40(陕西-西安),50,研一,"有,且持续3个月以上",尚未产出任何材料,完全不了解,完全不清楚,项目实施总结(完整参与项目并形成复盘报告),与我的实习/工作内容直接相关,缺乏数据支撑的主观建议  简单的文献综述类报告,5,5,5,5,5,5,5,5,5,5,24,13,20,40,3,不知道什么类型的实践成果能被学院认可┋担心做了企业项目最后论文评审不通过┋不清楚实践成果的具体质量要求,与MIB不同专业方向(跨境电商、国际投资等)的匹配度┋成果类型的多样性和灵活性┋提供不同类型成果的模板和优秀范例,不同类型实践成果的撰写模板┋优秀实践成果案例库┋企业项目对接平台,无,基本同意 ←请选择此项
161,2026/2/21 23:40:34,148秒,微信,,101.246.166.246(辽宁-沈阳),50,研一,"有,但不足3个月",尚未产出任何材料,完全不了解,基本清楚,企业咨询报告(为企业提供市场分析、 战略建议等)→市场调研报告(针对特定市场/行业的系统调研)→商业方案设计(跨境电商方案、国际市场进入方案等),"与我的实习/工作内容直接相关┋能真正解决实际问题,有成就感┋相对容易获得数据和企业支持",纯粹的实习日志或工作总结┋缺乏数据支撑的主观建议  简单的文献综述类报告┋企业内部保密性过强无法公开的材料,5,5,5,5,5,5,5,5,5,5,18,22,21,20,19,不知道什么类型的实践成果能被学院认可┋企业不愿意配合或提供真实数据┋不知道如何平衡学术性与实践性,与MIB不同专业方向(跨境电商、国际投资等)的匹配度┋与学生实习岗位和职业规划的相关性┋各类成果的质量标准清晰可操作,优秀实践成果案例库┋企业项目对接平台┋实践成果撰写工作坊/专题培训,(空),基本同意 ←请选择此项
162,2026/2/21 23:45:22,217秒,微信,,180.233.81.44(福建-厦门),30,研一,"有,且持续3个月以上",尚未产出任何材料,完全不了解,完全不清楚,商业方案设计(跨境电商方案、国际市场进入方案等)→产品/服务创新方案(新产品开发、服务模式设计等)→市场调研报告(针对特定市场/行业的系统调研),相对容易获得数据和企业支持┋工作量相对可控,企业内部保密性过强无法公开的材料┋团队合作项目中个人贡献难以界定的成果,4,4,4,2,2,2,4,2,4,2,40,0,10,40,10,不清楚实践成果的具体质量要求┋缺乏实践成果撰写的模板和范例┋企业不愿意配合或提供真实数据,与MIB不同专业方向(跨境电商、国际投资等)的匹配度┋成果类型的多样性和灵活性┋各类成果的质量标准清晰可操作,不同类型实践成果的撰写模板┋优秀实践成果案例库┋企业项目对接平台,(空),基本同意 ←请选择此项
163,2026/2/22 19:25:44,3266秒,微信,,180.98.154.176(江苏-南京),41,研一,"有,但不足3个月",尚未产出任何材料,有所了解,不太清楚,项目实施总结(完整参与项目并形成复盘报告)→数字化解决方案(基于数据分析的商业智能报告)→投资项目可行性研究报告（从风险到回报的全面分析决策）,"能真正解决实际问题,有成就感┋对未来就业有帮助",企业内部保密性过强无法公开的材料┋团队合作项目中个人贡献难以界定的成果,4,4,4,4,4,4,4,4,5,4,15,30,20,20,15,不清楚实践成果的具体质量要求┋缺乏实践成果撰写的模板和范例┋不知道如何平衡学术性与实践性,与MIB不同专业方向(跨境电商、国际投资等)的匹配度┋各类成果的质量标准清晰可操作,实践成果评价指标细则和评分表┋企业项目对接平台,无,基本同意 ←请选择此项
164,2026/2/23 10:16:54,212秒,微信,,117.70.190.159(安徽-六安),38,研一,"有,但不足3个月",尚未产出任何材料,听说过但不清楚具体内容,不太清楚,数字化解决方案(基于数据分析的商业智能报告)→商业方案设计(跨境电商方案、国际市场进入方案等)→市场调研报告(针对特定市场/行业的系统调研),相对容易获得数据和企业支持┋对未来就业有帮助,纯粹的实习日志或工作总结┋企业内部保密性过强无法公开的材料,4,3,4,3,4,4,4,4,4,4,10,31,15,25,19,不知道什么类型的实践成果能被学院认可┋企业不愿意配合或提供真实数据┋担心实践成果比写论文更难/工作量更大,与MIB不同专业方向(跨境电商、国际投资等)的匹配度┋各类成果的质量标准清晰可操作┋明确各类成果的最低字数/工作量要求,不同类型实践成果的撰写模板┋实践成果评价指标细则和评分表┋企业项目对接平台,(空),基本同意 ←请选择此项
165,2026/2/23 10:46:04,251秒,微信,,39.173.17.157(浙江-衢州),31,研一,"有,且持续3个月以上",尚未产出任何材料,听说过但不清楚具体内容,不太清楚,产品/服务创新方案(新产品开发、服务模式设计等),"能真正解决实际问题,有成就感",企业内部保密性过强无法公开的材料,5,5,1,3,4,2,1,4,3,3,30,20,10,20,20,不知道什么类型的实践成果能被学院认可┋企业不愿意配合或提供真实数据┋担心实践成果比写论文更难/工作量更大,与MIB不同专业方向(跨境电商、国际投资等)的匹配度┋与学生实习岗位和职业规划的相关性┋成果类型的多样性和灵活性,实践成果评价指标细则和评分表┋企业项目对接平台┋实践成果撰写工作坊/专题培训,不要让有闪光点的灵感受到限制,基本同意 ←请选择此项
166,2026/2/23 14:12:45,111秒,微信,,39.144.156.189(江苏-苏州),49,研二,"有,且持续3个月以上",数据分析报告,有所了解,基本清楚,项目实施总结(完整参与项目并形成复盘报告),"与我的实习/工作内容直接相关┋能真正解决实际问题,有成就感",缺乏数据支撑的主观建议  简单的文献综述类报告,5,4,5,5,5,5,5,5,5,5,19,23,21,22,15,不知道什么类型的实践成果能被学院认可┋担心做了企业项目最后论文评审不通过┋不清楚实践成果的具体质量要求,与学生实习岗位和职业规划的相关性┋成果类型的多样性和灵活性,优秀实践成果案例库┋实践成果评价指标细则和评分表┋企业项目对接平台,(空),基本同意 ←请选择此项
167,2026/2/24 11:53:53,201秒,微信,,36.5.170.164(安徽-合肥),37,研一,尚未开始实习,尚未产出任何材料,听说过但不清楚具体内容,完全不清楚,企业咨询报告(为企业提供市场分析、 战略建议等)→国际商务案例分析(基于真实企业编写教学案例)→产品/服务创新方案(新产品开发、服务模式设计等),与我的实习/工作内容直接相关┋相对容易获得数据和企业支持┋对未来就业有帮助,纯粹的实习日志或工作总结┋企业内部保密性过强无法公开的材料┋团队合作项目中个人贡献难以界定的成果,5,5,3,4,3,4,3,3,3,4,13,40,19,15,13,担心做了企业项目最后论文评审不通过┋不清楚实践成果的具体质量要求┋缺乏实践成果撰写的模板和范例,与学生实习岗位和职业规划的相关性┋各类成果的质量标准清晰可操作┋提供不同类型成果的模板和优秀范例,不同类型实践成果的撰写模板┋优秀实践成果案例库┋实践成果评价指标细则和评分表,(空),基本同意 ←请选择此项
168,2026/2/24 12:01:04,450秒,微信,,103.199.68.214(国外-越南),43,研一,尚未开始实习,尚未产出任何材料,完全不了解,基本清楚,国际商务案例分析(基于真实企业编写教学案例)→商业方案设计(跨境电商方案、国际市场进入方案等)→产品/服务创新方案(新产品开发、服务模式设计等),"与我的实习/工作内容直接相关┋能真正解决实际问题,有成就感┋更能展示我的实践能力",缺乏数据支撑的主观建议  简单的文献综述类报告┋企业内部保密性过强无法公开的材料┋团队合作项目中个人贡献难以界定的成果,5,5,3,5,4,3,5,3,5,5,32,27,24,6,11,缺乏实践成果撰写的模板和范例┋企业不愿意配合或提供真实数据┋不知道如何平衡学术性与实践性,与MIB不同专业方向(跨境电商、国际投资等)的匹配度┋与学生实习岗位和职业规划的相关性┋成果类型的多样性和灵活性,优秀实践成果案例库┋实践成果撰写工作坊/专题培训┋导师指导手册,(空),基本同意 ←请选择此项
169,2026/2/24 21:02:20,210秒,微信,,223.79.240.207(山东-潍坊),31,研一,"有,且持续3个月以上",市场调研报告┋数据分析报告┋客户案例分析,完全不了解,完全不清楚,企业咨询报告(为企业提供市场分析、 战略建议等)→投资项目可行性研究报告（从风险到回报的全面分析决策）→市场调研报告(针对特定市场/行业的系统调研),"能真正解决实际问题,有成就感┋对未来就业有帮助",缺乏数据支撑的主观建议  简单的文献综述类报告┋企业内部保密性过强无法公开的材料,5,2,2,3,4,3,3,3,3,3,0,0,0,0,100,不知道什么类型的实践成果能被学院认可┋缺乏实践成果撰写的模板和范例┋担心实践成果比写论文更难/工作量更大,与MIB不同专业方向(跨境电商、国际投资等)的匹配度┋与学生实习岗位和职业规划的相关性┋提供不同类型成果的模板和优秀范例,不同类型实践成果的撰写模板┋优秀实践成果案例库┋实践成果评价指标细则和评分表,(空),基本同意 ←请选择此项
170,2026/2/26 13:28:55,89秒,微信,,101.230.64.18(上海-上海),41,研二,"有,且持续3个月以上",商业计划书/营销方案┋数据分析报告┋项目实施总结,非常了解,非常清楚,企业咨询报告(为企业提供市场分析、 战略建议等),"与我的实习/工作内容直接相关┋能真正解决实际问题,有成就感┋相对容易获得数据和企业支持",缺乏数据支撑的主观建议  简单的文献综述类报告┋团队合作项目中个人贡献难以界定的成果,4,5,3,4,2,4,5,5,5,4,20,18,40,20,2,不知道什么类型的实践成果能被学院认可┋担心做了企业项目最后论文评审不通过┋不清楚实践成果的具体质量要求,与MIB不同专业方向(跨境电商、国际投资等)的匹配度┋与学生实习岗位和职业规划的相关性┋明确各类成果的最低字数/工作量要求,优秀实践成果案例库,(空),基本同意 ←请选择此项
171,2026/3/1 14:10:08,509秒,微信,,116.233.114.30(上海-上海),33,延期,"有,且持续3个月以上",市场调研报告,有所了解,不太清楚,国际商务案例分析(基于真实企业编写教学案例)→企业咨询报告(为企业提供市场分析、 战略建议等)→市场调研报告(针对特定市场/行业的系统调研),与我的实习/工作内容直接相关┋相对容易获得数据和企业支持┋工作量相对可控,纯粹的实习日志或工作总结┋企业内部保密性过强无法公开的材料,4,3,4,3,4,3,3,3,3,3,21,23,35,14,7,不知道什么类型的实践成果能被学院认可┋企业不愿意配合或提供真实数据┋不知道如何平衡学术性与实践性,与学生实习岗位和职业规划的相关性┋各类成果的质量标准清晰可操作┋提供不同类型成果的模板和优秀范例,不同类型实践成果的撰写模板┋优秀实践成果案例库┋实践成果评价指标细则和评分表,(空),基本同意 ←请选择此项
172,2026/3/3 15:18:37,220秒,微信,,223.104.19.202(河南-郑州),39,研二,尚未开始实习,尚未产出任何材料,完全不了解,完全不清楚,企业咨询报告(为企业提供市场分析、 战略建议等)→国际商务案例分析(基于真实企业编写教学案例)→政策研究报告(针对国际贸易政策的应用研究),与我的实习/工作内容直接相关┋相对容易获得数据和企业支持┋工作量相对可控,企业内部保密性过强无法公开的材料,3,4,5,4,4,3,4,3,4,5,47,7,13,20,13,担心做了企业项目最后论文评审不通过┋缺乏实践成果撰写的模板和范例┋担心实践成果比写论文更难/工作量更大,与学生实习岗位和职业规划的相关性┋成果类型的多样性和灵活性┋各类成果的质量标准清晰可操作,不同类型实践成果的撰写模板┋优秀实践成果案例库┋企业项目对接平台,(空),基本同意 ←请选择此项
