第1选,第2选,第3选
市场调研报告(针对特定市场/行业的系统调研),国际商务案例分析(基于真实企业编写教学案例),企业咨询报告(为企业提供市场分析、 战略建议等)
市场调研报告(针对特定市场/行业的系统调研),商业方案设计(跨境电商方案、国际市场进入方案等),项目实施总结(完整参与项目并形成复盘报告)
项目实施总结(完整参与项目并形成复盘报告),国际商务案例分析(基于真实企业编写教学案例),市场调研报告(针对特定市场/行业的系统调研)
项目实施总结(完整参与项目并形成复盘报告),产品/服务创新方案(新产品开发、服务模式设计等),
企业咨询报告(为企业提供市场分析、 战略建议等),国际商务案例分析(基于真实企业编写教学案例),市场调研报告(针对特定市场/行业的系统调研)
项目实施总结(完整参与项目并形成复盘报告),国际商务案例分析(基于真实企业编写教学案例),企业咨询报告(为企业提供市场分析、 战略建议等)
市场调研报告(针对特定市场/行业的系统调研),项目实施总结(完整参与项目并形成复盘报告),国际商务案例分析(基于真实企业编写教学案例)
项目实施总结(完整参与项目并形成复盘报告),国际商务案例分析(基于真实企业编写教学案例),市场调研报告(针对特定市场/行业的系统调研)
企业咨询报告(为企业提供市场分析、 战略建议等),项目实施总结(完整参与项目并形成复盘报告),市场调研报告(针对特定市场/行业的系统调研)
企业咨询报告(为企业提供市场分析、 战略建议等),商业方案设计(跨境电商方案、国际市场进入方案等),产品/服务创新方案(新产品开发、服务模式设计等)
市场调研报告(针对特定市场/行业的系统调研),商业方案设计(跨境电商方案、国际市场进入方案等),投资项目可行性研究报告（从风险到回报的全面分析决策）
企业咨询报告(为企业提供市场分析、 战略建议等),市场调研报告(针对特定市场/行业的系统调研),商业方案设计(跨境电商方案、国际市场进入方案等)
国际商务案例分析(基于真实企业编写教学案例),企业咨询报告(为企业提供市场分析、 战略建议等),市场调研报告(针对特定市场/行业的系统调研)
市场调研报告(针对特定市场/行业的系统调研),政策研究报告(针对国际贸易政策的应用研究),项目实施总结(完整参与项目并形成复盘报告)
企业咨询报告(为企业提供市场分析、 战略建议等),投资项目可行性研究报告（从风险到回报的全面分析决策）,项目实施总结(完整参与项目并形成复盘报告)
项目实施总结(完整参与项目并形成复盘报告),商业方案设计(跨境电商方案、国际市场进入方案等),产品/服务创新方案(新产品开发、服务模式设计等)
市场调研报告(针对特定市场/行业的系统调研),企业咨询报告(为企业提供市场分析、 战略建议等),数字化解决方案(基于数据分析的商业智能报告)
产品/服务创新方案(新产品开发、服务模式设计等),市场调研报告(针对特定市场/行业的系统调研),项目实施总结(完整参与项目并形成复盘报告)
国际商务案例分析(基于真实企业编写教学案例),,
企业咨询报告(为企业提供市场分析、 战略建议等),国际商务案例分析(基于真实企业编写教学案例),投资项目可行性研究报告（从风险到回报的全面分析决策）
企业咨询报告(为企业提供市场分析、 战略建议等),项目实施总结(完整参与项目并形成复盘报告),政策研究报告(针对国际贸易政策的应用研究)
市场调研报告(针对特定市场/行业的系统调研),国际商务案例分析(基于真实企业编写教学案例),商业方案设计(跨境电商方案、国际市场进入方案等)
国际商务案例分析(基于真实企业编写教学案例),企业咨询报告(为企业提供市场分析、 战略建议等),市场调研报告(针对特定市场/行业的系统调研)
企业咨询报告(为企业提供市场分析、 战略建议等),国际商务案例分析(基于真实企业编写教学案例),市场调研报告(针对特定市场/行业的系统调研)
国际商务案例分析(基于真实企业编写教学案例),产品/服务创新方案(新产品开发、服务模式设计等),商业方案设计(跨境电商方案、国际市场进入方案等)
商业方案设计(跨境电商方案、国际市场进入方案等),国际商务案例分析(基于真实企业编写教学案例),市场调研报告(针对特定市场/行业的系统调研)
国际商务案例分析(基于真实企业编写教学案例),企业咨询报告(为企业提供市场分析、 战略建议等),市场调研报告(针对特定市场/行业的系统调研)
企业咨询报告(为企业提供市场分析、 战略建议等),国际商务案例分析(基于真实企业编写教学案例),市场调研报告(针对特定市场/行业的系统调研)
项目实施总结(完整参与项目并形成复盘报告),政策研究报告(针对国际贸易政策的应用研究),产品/服务创新方案(新产品开发、服务模式设计等)
项目实施总结(完整参与项目并形成复盘报告),国际商务案例分析(基于真实企业编写教学案例),
市场调研报告(针对特定市场/行业的系统调研),政策研究报告(针对国际贸易政策的应用研究),投资项目可行性研究报告（从风险到回报的全面分析决策）
项目实施总结(完整参与项目并形成复盘报告),市场调研报告(针对特定市场/行业的系统调研),数字化解决方案(基于数据分析的商业智能报告)
国际商务案例分析(基于真实企业编写教学案例),企业咨询报告(为企业提供市场分析、 战略建议等),市场调研报告(针对特定市场/行业的系统调研)
投资项目可行性研究报告（从风险到回报的全面分析决策）,国际商务案例分析(基于真实企业编写教学案例),政策研究报告(针对国际贸易政策的应用研究)
项目实施总结(完整参与项目并形成复盘报告),数字化解决方案(基于数据分析的商业智能报告),国际商务案例分析(基于真实企业编写教学案例)
项目实施总结(完整参与项目并形成复盘报告),国际商务案例分析(基于真实企业编写教学案例),
国际商务案例分析(基于真实企业编写教学案例),市场调研报告(针对特定市场/行业的系统调研),政策研究报告(针对国际贸易政策的应用研究)
项目实施总结(完整参与项目并形成复盘报告),市场调研报告(针对特定市场/行业的系统调研),
市场调研报告(针对特定市场/行业的系统调研),国际商务案例分析(基于真实企业编写教学案例),项目实施总结(完整参与项目并形成复盘报告)
项目实施总结(完整参与项目并形成复盘报告),政策研究报告(针对国际贸易政策的应用研究),国际商务案例分析(基于真实企业编写教学案例)
企业咨询报告(为企业提供市场分析、 战略建议等),国际商务案例分析(基于真实企业编写教学案例),市场调研报告(针对特定市场/行业的系统调研)
项目实施总结(完整参与项目并形成复盘报告),数字化解决方案(基于数据分析的商业智能报告),投资项目可行性研究报告（从风险到回报的全面分析决策）
政策研究报告(针对国际贸易政策的应用研究),商业方案设计(跨境电商方案、国际市场进入方案等),国际商务案例分析(基于真实企业编写教学案例)
商业方案设计(跨境电商方案、国际市场进入方案等),国际商务案例分析(基于真实企业编写教学案例),企业咨询报告(为企业提供市场分析、 战略建议等)
数字化解决方案(基于数据分析的商业智能报告),商业方案设计(跨境电商方案、国际市场进入方案等),市场调研报告(针对特定市场/行业的系统调研)
投资项目可行性研究报告（从风险到回报的全面分析决策）,国际商务案例分析(基于真实企业编写教学案例),政策研究报告(针对国际贸易政策的应用研究)
政策研究报告(针对国际贸易政策的应用研究),国际商务案例分析(基于真实企业编写教学案例),投资项目可行性研究报告（从风险到回报的全面分析决策）
企业咨询报告(为企业提供市场分析、 战略建议等),国际商务案例分析(基于真实企业编写教学案例),市场调研报告(针对特定市场/行业的系统调研)
国际商务案例分析(基于真实企业编写教学案例),产品/服务创新方案(新产品开发、服务模式设计等),
商业方案设计(跨境电商方案、国际市场进入方案等),企业咨询报告(为企业提供市场分析、 战略建议等),国际商务案例分析(基于真实企业编写教学案例)
商业方案设计(跨境电商方案、国际市场进入方案等),产品/服务创新方案(新产品开发、服务模式设计等),项目实施总结(完整参与项目并形成复盘报告)
国际商务案例分析(基于真实企业编写教学案例),项目实施总结(完整参与项目并形成复盘报告),政策研究报告(针对国际贸易政策的应用研究)
企业咨询报告(为企业提供市场分析、 战略建议等),国际商务案例分析(基于真实企业编写教学案例),市场调研报告(针对特定市场/行业的系统调研)
商业方案设计(跨境电商方案、国际市场进入方案等),产品/服务创新方案(新产品开发、服务模式设计等),市场调研报告(针对特定市场/行业的系统调研)
投资项目可行性研究报告（从风险到回报的全面分析决策）,国际商务案例分析(基于真实企业编写教学案例),数字化解决方案(基于数据分析的商业智能报告)
市场调研报告(针对特定市场/行业的系统调研),政策研究报告(针对国际贸易政策的应用研究),
企业咨询报告(为企业提供市场分析、 战略建议等),市场调研报告(针对特定市场/行业的系统调研),商业方案设计(跨境电商方案、国际市场进入方案等)
国际商务案例分析(基于真实企业编写教学案例),市场调研报告(针对特定市场/行业的系统调研),商业方案设计(跨境电商方案、国际市场进入方案等)
商业方案设计(跨境电商方案、国际市场进入方案等),项目实施总结(完整参与项目并形成复盘报告),企业咨询报告(为企业提供市场分析、 战略建议等)
项目实施总结(完整参与项目并形成复盘报告),市场调研报告(针对特定市场/行业的系统调研),数字化解决方案(基于数据分析的商业智能报告)
企业咨询报告(为企业提供市场分析、 战略建议等),国际商务案例分析(基于真实企业编写教学案例),市场调研报告(针对特定市场/行业的系统调研)
产品/服务创新方案(新产品开发、服务模式设计等),市场调研报告(针对特定市场/行业的系统调研),国际商务案例分析(基于真实企业编写教学案例)
项目实施总结(完整参与项目并形成复盘报告),,
企业咨询报告(为企业提供市场分析、 战略建议等),政策研究报告(针对国际贸易政策的应用研究),国际商务案例分析(基于真实企业编写教学案例)
商业方案设计(跨境电商方案、国际市场进入方案等),国际商务案例分析(基于真实企业编写教学案例),数字化解决方案(基于数据分析的商业智能报告)
数字化解决方案(基于数据分析的商业智能报告),,
国际商务案例分析(基于真实企业编写教学案例),产品/服务创新方案(新产品开发、服务模式设计等),投资项目可行性研究报告（从风险到回报的全面分析决策）
项目实施总结(完整参与项目并形成复盘报告),国际商务案例分析(基于真实企业编写教学案例),市场调研报告(针对特定市场/行业的系统调研)
商业方案设计(跨境电商方案、国际市场进入方案等),企业咨询报告(为企业提供市场分析、 战略建议等),项目实施总结(完整参与项目并形成复盘报告)
投资项目可行性研究报告（从风险到回报的全面分析决策）,商业方案设计(跨境电商方案、国际市场进入方案等),项目实施总结(完整参与项目并形成复盘报告)
国际商务案例分析(基于真实企业编写教学案例),,
投资项目可行性研究报告（从风险到回报的全面分析决策）,国际商务案例分析(基于真实企业编写教学案例),企业咨询报告(为企业提供市场分析、 战略建议等)
市场调研报告(针对特定市场/行业的系统调研),投资项目可行性研究报告（从风险到回报的全面分析决策）,项目实施总结(完整参与项目并形成复盘报告)
企业咨询报告(为企业提供市场分析、 战略建议等),市场调研报告(针对特定市场/行业的系统调研),数字化解决方案(基于数据分析的商业智能报告)
国际商务案例分析(基于真实企业编写教学案例),市场调研报告(针对特定市场/行业的系统调研),政策研究报告(针对国际贸易政策的应用研究)
国际商务案例分析(基于真实企业编写教学案例),产品/服务创新方案(新产品开发、服务模式设计等),企业咨询报告(为企业提供市场分析、 战略建议等)
商业方案设计(跨境电商方案、国际市场进入方案等),市场调研报告(针对特定市场/行业的系统调研),国际商务案例分析(基于真实企业编写教学案例)
市场调研报告(针对特定市场/行业的系统调研),国际商务案例分析(基于真实企业编写教学案例),商业方案设计(跨境电商方案、国际市场进入方案等)
国际商务案例分析(基于真实企业编写教学案例),企业咨询报告(为企业提供市场分析、 战略建议等),市场调研报告(针对特定市场/行业的系统调研)
企业咨询报告(为企业提供市场分析、 战略建议等),国际商务案例分析(基于真实企业编写教学案例),市场调研报告(针对特定市场/行业的系统调研)
企业咨询报告(为企业提供市场分析、 战略建议等),国际商务案例分析(基于真实企业编写教学案例),商业方案设计(跨境电商方案、国际市场进入方案等)
国际商务案例分析(基于真实企业编写教学案例),项目实施总结(完整参与项目并形成复盘报告),产品/服务创新方案(新产品开发、服务模式设计等)
商业方案设计(跨境电商方案、国际市场进入方案等),企业咨询报告(为企业提供市场分析、 战略建议等),市场调研报告(针对特定市场/行业的系统调研)
市场调研报告(针对特定市场/行业的系统调研),数字化解决方案(基于数据分析的商业智能报告),产品/服务创新方案(新产品开发、服务模式设计等)
国际商务案例分析(基于真实企业编写教学案例),商业方案设计(跨境电商方案、国际市场进入方案等),政策研究报告(针对国际贸易政策的应用研究)
国际商务案例分析(基于真实企业编写教学案例),市场调研报告(针对特定市场/行业的系统调研),商业方案设计(跨境电商方案、国际市场进入方案等)
国际商务案例分析(基于真实企业编写教学案例),项目实施总结(完整参与项目并形成复盘报告),商业方案设计(跨境电商方案、国际市场进入方案等)
国际商务案例分析(基于真实企业编写教学案例),,
国际商务案例分析(基于真实企业编写教学案例),市场调研报告(针对特定市场/行业的系统调研),商业方案设计(跨境电商方案、国际市场进入方案等)
企业咨询报告(为企业提供市场分析、 战略建议等),市场调研报告(针对特定市场/行业的系统调研),国际商务案例分析(基于真实企业编写教学案例)
市场调研报告(针对特定市场/行业的系统调研),项目实施总结(完整参与项目并形成复盘报告),数字化解决方案(基于数据分析的商业智能报告)
商业方案设计(跨境电商方案、国际市场进入方案等),企业咨询报告(为企业提供市场分析、 战略建议等),投资项目可行性研究报告（从风险到回报的全面分析决策）
市场调研报告(针对特定市场/行业的系统调研),商业方案设计(跨境电商方案、国际市场进入方案等),数字化解决方案(基于数据分析的商业智能报告)
企业咨询报告(为企业提供市场分析、 战略建议等),市场调研报告(针对特定市场/行业的系统调研),
企业咨询报告(为企业提供市场分析、 战略建议等),商业方案设计(跨境电商方案、国际市场进入方案等),政策研究报告(针对国际贸易政策的应用研究)
项目实施总结(完整参与项目并形成复盘报告),国际商务案例分析(基于真实企业编写教学案例),市场调研报告(针对特定市场/行业的系统调研)
国际商务案例分析(基于真实企业编写教学案例),,
市场调研报告(针对特定市场/行业的系统调研),商业方案设计(跨境电商方案、国际市场进入方案等),政策研究报告(针对国际贸易政策的应用研究)
企业咨询报告(为企业提供市场分析、 战略建议等),国际商务案例分析(基于真实企业编写教学案例),
国际商务案例分析(基于真实企业编写教学案例),企业咨询报告(为企业提供市场分析、 战略建议等),数字化解决方案(基于数据分析的商业智能报告)
产品/服务创新方案(新产品开发、服务模式设计等),国际商务案例分析(基于真实企业编写教学案例),项目实施总结(完整参与项目并形成复盘报告)
国际商务案例分析(基于真实企业编写教学案例),市场调研报告(针对特定市场/行业的系统调研),企业咨询报告(为企业提供市场分析、 战略建议等)
企业咨询报告(为企业提供市场分析、 战略建议等),市场调研报告(针对特定市场/行业的系统调研),商业方案设计(跨境电商方案、国际市场进入方案等)
市场调研报告(针对特定市场/行业的系统调研),国际商务案例分析(基于真实企业编写教学案例),商业方案设计(跨境电商方案、国际市场进入方案等)
市场调研报告(针对特定市场/行业的系统调研),商业方案设计(跨境电商方案、国际市场进入方案等),政策研究报告(针对国际贸易政策的应用研究)
国际商务案例分析(基于真实企业编写教学案例),企业咨询报告(为企业提供市场分析、 战略建议等),市场调研报告(针对特定市场/行业的系统调研)
企业咨询报告(为企业提供市场分析、 战略建议等),市场调研报告(针对特定市场/行业的系统调研),项目实施总结(完整参与项目并形成复盘报告)
国际商务案例分析(基于真实企业编写教学案例),商业方案设计(跨境电商方案、国际市场进入方案等),企业咨询报告(为企业提供市场分析、 战略建议等)
项目实施总结(完整参与项目并形成复盘报告),,
企业咨询报告(为企业提供市场分析、 战略建议等),市场调研报告(针对特定市场/行业的系统调研),
数字化解决方案(基于数据分析的商业智能报告),政策研究报告(针对国际贸易政策的应用研究),市场调研报告(针对特定市场/行业的系统调研)
国际商务案例分析(基于真实企业编写教学案例),商业方案设计(跨境电商方案、国际市场进入方案等),项目实施总结(完整参与项目并形成复盘报告)
国际商务案例分析(基于真实企业编写教学案例),市场调研报告(针对特定市场/行业的系统调研),企业咨询报告(为企业提供市场分析、 战略建议等)
商业方案设计(跨境电商方案、国际市场进入方案等),国际商务案例分析(基于真实企业编写教学案例),
市场调研报告(针对特定市场/行业的系统调研),政策研究报告(针对国际贸易政策的应用研究),商业方案设计(跨境电商方案、国际市场进入方案等)
市场调研报告(针对特定市场/行业的系统调研),政策研究报告(针对国际贸易政策的应用研究),企业咨询报告(为企业提供市场分析、 战略建议等)
项目实施总结(完整参与项目并形成复盘报告),企业咨询报告(为企业提供市场分析、 战略建议等),投资项目可行性研究报告（从风险到回报的全面分析决策）
国际商务案例分析(基于真实企业编写教学案例),企业咨询报告(为企业提供市场分析、 战略建议等),市场调研报告(针对特定市场/行业的系统调研)
国际商务案例分析(基于真实企业编写教学案例),市场调研报告(针对特定市场/行业的系统调研),商业方案设计(跨境电商方案、国际市场进入方案等)
企业咨询报告(为企业提供市场分析、 战略建议等),国际商务案例分析(基于真实企业编写教学案例),市场调研报告(针对特定市场/行业的系统调研)
投资项目可行性研究报告（从风险到回报的全面分析决策）,政策研究报告(针对国际贸易政策的应用研究),国际商务案例分析(基于真实企业编写教学案例)
市场调研报告(针对特定市场/行业的系统调研),企业咨询报告(为企业提供市场分析、 战略建议等),投资项目可行性研究报告（从风险到回报的全面分析决策）
企业咨询报告(为企业提供市场分析、 战略建议等),数字化解决方案(基于数据分析的商业智能报告),项目实施总结(完整参与项目并形成复盘报告)
国际商务案例分析(基于真实企业编写教学案例),市场调研报告(针对特定市场/行业的系统调研),产品/服务创新方案(新产品开发、服务模式设计等)
企业咨询报告(为企业提供市场分析、 战略建议等),项目实施总结(完整参与项目并形成复盘报告),
国际商务案例分析(基于真实企业编写教学案例),市场调研报告(针对特定市场/行业的系统调研),政策研究报告(针对国际贸易政策的应用研究)
企业咨询报告(为企业提供市场分析、 战略建议等),国际商务案例分析(基于真实企业编写教学案例),市场调研报告(针对特定市场/行业的系统调研)
商业方案设计(跨境电商方案、国际市场进入方案等),,
国际商务案例分析(基于真实企业编写教学案例),商业方案设计(跨境电商方案、国际市场进入方案等),数字化解决方案(基于数据分析的商业智能报告)
国际商务案例分析(基于真实企业编写教学案例),商业方案设计(跨境电商方案、国际市场进入方案等),项目实施总结(完整参与项目并形成复盘报告)
企业咨询报告(为企业提供市场分析、 战略建议等),,
项目实施总结(完整参与项目并形成复盘报告),商业方案设计(跨境电商方案、国际市场进入方案等),企业咨询报告(为企业提供市场分析、 战略建议等)
企业咨询报告(为企业提供市场分析、 战略建议等),商业方案设计(跨境电商方案、国际市场进入方案等),国际商务案例分析(基于真实企业编写教学案例)
国际商务案例分析(基于真实企业编写教学案例),市场调研报告(针对特定市场/行业的系统调研),商业方案设计(跨境电商方案、国际市场进入方案等)
国际商务案例分析(基于真实企业编写教学案例),,
市场调研报告(针对特定市场/行业的系统调研),企业咨询报告(为企业提供市场分析、 战略建议等),政策研究报告(针对国际贸易政策的应用研究)
企业咨询报告(为企业提供市场分析、 战略建议等),市场调研报告(针对特定市场/行业的系统调研),数字化解决方案(基于数据分析的商业智能报告)
国际商务案例分析(基于真实企业编写教学案例),企业咨询报告(为企业提供市场分析、 战略建议等),商业方案设计(跨境电商方案、国际市场进入方案等)
投资项目可行性研究报告（从风险到回报的全面分析决策）,,
项目实施总结(完整参与项目并形成复盘报告),企业咨询报告(为企业提供市场分析、 战略建议等),国际商务案例分析(基于真实企业编写教学案例)
市场调研报告(针对特定市场/行业的系统调研),产品/服务创新方案(新产品开发、服务模式设计等),数字化解决方案(基于数据分析的商业智能报告)
企业咨询报告(为企业提供市场分析、 战略建议等),,
市场调研报告(针对特定市场/行业的系统调研),国际商务案例分析(基于真实企业编写教学案例),政策研究报告(针对国际贸易政策的应用研究)
国际商务案例分析(基于真实企业编写教学案例),,
国际商务案例分析(基于真实企业编写教学案例),市场调研报告(针对特定市场/行业的系统调研),企业咨询报告(为企业提供市场分析、 战略建议等)
市场调研报告(针对特定市场/行业的系统调研),国际商务案例分析(基于真实企业编写教学案例),商业方案设计(跨境电商方案、国际市场进入方案等)
数字化解决方案(基于数据分析的商业智能报告),,
项目实施总结(完整参与项目并形成复盘报告),,
企业咨询报告(为企业提供市场分析、 战略建议等),市场调研报告(针对特定市场/行业的系统调研),商业方案设计(跨境电商方案、国际市场进入方案等)
商业方案设计(跨境电商方案、国际市场进入方案等),产品/服务创新方案(新产品开发、服务模式设计等),市场调研报告(针对特定市场/行业的系统调研)
项目实施总结(完整参与项目并形成复盘报告),数字化解决方案(基于数据分析的商业智能报告),投资项目可行性研究报告（从风险到回报的全面分析决策）
数字化解决方案(基于数据分析的商业智能报告),商业方案设计(跨境电商方案、国际市场进入方案等),市场调研报告(针对特定市场/行业的系统调研)
产品/服务创新方案(新产品开发、服务模式设计等),,
项目实施总结(完整参与项目并形成复盘报告),,
企业咨询报告(为企业提供市场分析、 战略建议等),国际商务案例分析(基于真实企业编写教学案例),产品/服务创新方案(新产品开发、服务模式设计等)
国际商务案例分析(基于真实企业编写教学案例),商业方案设计(跨境电商方案、国际市场进入方案等),产品/服务创新方案(新产品开发、服务模式设计等)
企业咨询报告(为企业提供市场分析、 战略建议等),投资项目可行性研究报告（从风险到回报的全面分析决策）,市场调研报告(针对特定市场/行业的系统调研)
企业咨询报告(为企业提供市场分析、 战略建议等),,
国际商务案例分析(基于真实企业编写教学案例),企业咨询报告(为企业提供市场分析、 战略建议等),市场调研报告(针对特定市场/行业的系统调研)
企业咨询报告(为企业提供市场分析、 战略建议等),国际商务案例分析(基于真实企业编写教学案例),政策研究报告(针对国际贸易政策的应用研究)
